No.;Time;Comment;Scramble;Date;P.1
1;34.43;;R D' U2 F2 L2 U2 R2 F2 L2 F' D L D B L D B2 R;2026-02-27 00:07:01;34.43
2;34.04;;L' F' D2 R B2 D2 R F2 R' U2 R' U2 R' F' R2 B U' L D2 R;2026-02-27 00:08:05;34.04
3;44.17;;U L' F' U R2 B2 U2 L2 U L2 R2 U R2 U R' F2 R D' F2 L B;2026-02-27 00:09:10;44.17
4;35.36;;U R B R2 B' U' R U R2 F R2 F B L2 U2 D2 F L2 U2 B R;2026-02-27 00:10:31;35.36
5;32.43;;B U B L2 B D2 F' L D2 B2 R2 F2 B2 U F2 D' F2 L2 D2 R';2026-02-27 00:11:43;32.43
6;46.53;;U' R2 D2 B2 F2 D' B2 U F2 U F2 B R' D' B' D2 F2 L F' R;2026-02-27 00:12:51;46.53
7;44.51;;L' U F2 U F' B' D R' U2 F D2 B' U2 L2 F L2 U2 B' R2 B D;2026-02-27 00:14:08;44.51
8;38.30;;U2 B' L2 F' U2 R2 B2 D2 F' D2 F D2 U' L2 B' F L' R2 U R;2026-02-27 00:15:18;38.30
9;33.77;;L F' D2 U2 R' B2 L2 R' F2 L' D2 R' D2 B2 D F U' F R' D2 F2;2026-02-27 00:16:47;33.77
10;46.67;;D R2 F L2 D2 B R2 F L2 F2 R2 B' L F' U2 L2 R2 F' D2 U';2026-02-27 00:20:32;46.67
11;27.71;;F' L2 D2 U2 B L2 U2 B2 F U2 F L U B' R2 B U2 R2 D B2;2026-02-27 00:21:53;27.71
12;35.76;;L B2 D2 F2 U' B2 L F D R2 B' D2 R2 F R2 L2 F' L2 F U2 D2;2026-02-27 00:25:12;35.76
13;39.58;;B' F2 R2 F2 D2 L' R' U2 L' B2 R D2 U' F2 R B U B' F U;2026-02-27 00:26:30;39.58
14;29.20;;F2 R2 F2 L2 D L2 U L2 D B2 D B' L R2 D' B U' F2 L F R2;2026-02-27 00:27:37;29.20
15;34.01;;U2 R2 U2 F' D2 L2 F' U2 F' R2 B2 U' R' B2 L' U R F2 U2 B';2026-02-27 00:29:10;34.01
16;38.60;;L2 F2 R2 D' F2 U' B2 F2 U' L2 D' R U2 L' U' F' R' D R2 B';2026-03-05 14:02:34;38.60
17;33.67;;U2 R B' U F L' D' F2 D' B2 L B2 R2 L U2 D2 R' B2 R';2026-03-05 14:03:55;33.67
18;32.17;;D F' U2 F2 D' R U D2 L2 U2 L' U2 L' D2 B2 L F L2;2026-03-05 14:04:52;32.17
19;33.19;;D' L' F2 U' F2 L2 D B2 D2 B2 U' R2 B D2 L F' L2 U R2;2026-03-05 14:05:47;33.19
20;32.06;;R' F2 B' L U2 F' L' U' L2 D' F2 U' B2 R2 D' F2 R2 L;2026-03-05 14:06:43;32.06
21;33.94;;F B D2 L D2 F' R2 U D2 R' B2 R F2 D2 L2 F2 D2 B2 U2 F;2026-03-05 14:07:50;33.94
22;27.56;;U2 B L2 U2 B L2 R2 U2 F' R2 F' D' F' D' B2 F2 L' F' R' U';2026-03-05 14:08:51;27.56
23;26.90;;U R F2 B D2 R F U' B2 D2 B2 L2 B2 R2 U2 L U2 F2 L' B';2026-03-05 14:09:51;26.90
24;24.62;;R' B2 D2 R U2 F2 D2 F2 L2 R' B2 D2 U F U2 F2 L' F L' B;2026-03-05 14:10:53;24.62
25;37.19;;F D2 R' D2 U2 R D2 B2 D2 L2 U2 F R2 D L2 U R' B L';2026-03-05 14:11:58;37.19
26;36.69;;F2 B' L F2 R' F R2 D' R' F2 D2 R' F2 R U2 R U2 L F2 R';2026-03-05 14:15:49;36.69
27;44.81;;R' D2 F L' D F' U' R' U' F2 D' F2 U F2 R2 F2 D' F2 L2 F;2026-03-05 14:17:27;44.81
28;37.09;;B R D2 L' F D B2 R' L' F2 U2 R2 D B2 D F2 R2 D' R2 U;2026-03-05 14:18:36;37.09
29;39.25;;R' D R2 B L2 F2 R2 U2 F' R2 D2 F2 D2 B' U' R' B2 R B F D;2026-03-05 14:20:17;39.25
30;34.47;;U2 B2 D2 U2 L U2 R' D2 U2 B2 R2 U L2 B U2 L' U2 R2 F2 U';2026-03-05 14:21:23;34.47
31;27.94;;F2 D2 R' B2 L F2 D2 F2 R' D2 R' B' U2 L2 D' L D' U R U2;2026-03-05 14:22:24;27.94
32;27.49;;R2 D2 F2 D L2 B2 U' F2 U F2 R2 B' L B2 R U' R2 F D2 B' U;2026-03-06 01:02:43;27.49
33;26.96;;U2 R2 D2 B R2 F2 D2 B R2 F' L2 F' R' U' R2 F2 L U B U B;2026-03-06 01:03:40;26.96
34;25.81;;L' D2 L2 B U2 B' L2 B F D2 B R2 D2 U' R' B' R' F' L2 B L';2026-03-06 01:04:33;25.81
35;25.78;;L F L' B' U' R2 B' R' D R2 L U2 B2 R2 F2 R' U2 F2 R D2 R';2026-03-06 01:05:26;25.78
36;28.05;;D' B D F2 U' L2 B2 F2 U2 B2 R2 D R2 B' D2 R' B' U' R D;2026-03-06 01:06:15;28.05
37;29.79;;B2 D F2 L2 R2 D' L2 D R2 B2 D2 R' B2 U' B L' R2 U' L' U;2026-03-06 01:07:09;29.79
38;27.54;;B U2 L2 B2 R D2 B2 L F2 L' U2 L U2 D' R F R2 U L F;2026-03-06 01:08:11;27.54
39;23.79;;L2 F2 L2 D' R2 F2 D' U2 R2 D2 F2 L2 R' D R' D2 F2 U' F' L U;2026-03-06 01:09:38;23.79
40;42.05;;F2 L' U2 F2 D' B2 U' L2 D U B2 U' F U2 R2 B2 L R' D' B';2026-03-06 01:10:25;42.05
41;31.50;;L' D' L F2 R2 D' U2 L2 R2 B2 R2 D U2 R' B F D2 L D' B;2026-03-06 01:11:28;31.50
42;31.00;;F2 D R2 B' L F' U2 R2 D L2 F2 U2 B2 R' F2 R F2 L' B2 U2 L';2026-03-06 01:12:25;31.00
43;48.00;;D' B' R2 D2 F2 U2 F' R2 B' L2 F' R2 B R B' F U' B' D2 F' D2;2026-03-06 01:17:01;48.00
44;37.78;;U2 D B' U' B' L D' R' B2 L2 B R2 D2 F U2 R2 U2 F2 D2 L';2026-03-06 01:18:15;37.78
45;37.83;;R2 B2 F2 R2 D2 R' B2 L' D2 R' F2 D' F' L2 R U' L F' D' R;2026-03-06 01:19:16;37.83
46;35.37;;F' D' B2 L U' B L2 F R' D2 F2 R2 D' R2 L2 B2 D' L2 U L2 F2;2026-03-06 01:20:29;35.37
47;25.10;;F2 D' R B D' L' U' B' D2 F U2 F' R2 U2 L2 U2 F U2 F';2026-03-06 01:21:31;25.10
48;35.90;;F2 D' L2 B2 D' U2 L2 B2 L2 B2 U L' D2 B L' D' F' R2 U L';2026-03-06 01:22:38;35.90
49;35.37;;D' R2 U R2 U R2 B2 D2 L2 B2 D B' D2 U' L' F' U2 B U' F2 U;2026-03-06 01:23:40;35.37
50;37.57;;R2 D2 B2 U2 F2 R2 U F2 R2 L' B L2 D F R2 F U B;2026-03-06 01:24:38;37.57
51;29.60;;D2 L' B U D R' U2 F' L B2 R B2 D2 F2 D2 L F2 L2 D;2026-03-06 12:36:04;29.60
52;39.41;;U2 L' F2 L2 D2 B2 F' U2 B' L2 D2 R2 D2 F' R' D F L' U' R D;2026-03-06 12:37:01;39.41
53;57.98;;B2 U' F R2 B2 U2 F R2 U2 B L2 U2 L2 U F' D2 L R U2 B2 F;2026-03-06 12:44:52;57.98
54;30.30;;B' U F B2 U D L U2 L2 U L2 U' L2 B2 L2 F2 D2 F2 B' U;2026-03-06 12:49:37;30.30
55;31.96;;D' B R2 F' L2 U2 R2 F' R2 B2 F D' L R' D' B' U R' B2;2026-03-06 12:50:34;31.96
56;32.73;;R D2 R2 F' L2 R2 F' L2 U2 F R2 D B' R' F D' F2 D2 R U';2026-03-06 12:51:29;32.73
57;27.89;;R B R2 F2 R2 D F2 U' L2 F2 D L' D' U' B F2 U B' R2;2026-03-06 12:52:27;27.89
58;25.17;;L' F D F2 L2 D' R D2 F2 R2 D2 B U2 B2 R2 D2 R2 U2 D';2026-03-06 12:53:18;25.17
59;31.11;;U R U2 R2 B2 L2 U' B2 R2 D F2 U F2 U' B' U' L' F R U B2;2026-03-06 12:54:17;31.11
60;29.23;;R' D2 F2 U F2 D' L2 U' F2 U' R2 U' B' L F2 D F L' D' B' D;2026-03-06 12:55:09;29.23
61;27.60;;F2 R B' L2 U' D' R2 L' D R2 D2 F2 U2 F2 L U2 B2 U2 R' B2;2026-03-06 12:56:09;27.60
62;38.22;;L D' B' D2 L2 R2 B2 L2 F' U2 B2 D R2 U' B' D2 R U2;2026-03-06 12:56:59;38.22
63;31.49;;U' R D2 B2 L2 U2 R2 U2 R2 F2 R' U B2 D' B' F' D2 L2 R';2026-03-06 12:58:02;31.49
64;32.94;;D B2 R2 D' R2 F2 U' B2 U L2 R B' D2 L D' R2 U' L' B2 R;2026-03-06 12:58:59;32.94
65;38.16;;L2 U2 L2 U2 B2 U2 F' R2 U2 B L2 R' F' D' L' F' R2 B2 U R2;2026-03-06 12:59:50;38.16
66;33.71;;B U' R2 F2 D' F2 R2 D L2 F2 U2 L D B' L2 F' U2 R' F2;2026-03-06 13:00:49;33.71
67;35.79;;B F2 U2 R2 F2 L2 R2 F R2 F' L D2 B D' U L' F2 U F2 R;2026-03-06 13:01:50;35.79
68;33.14;;F2 D' B2 L2 R2 U L2 U' F2 L2 R2 U2 L F2 D F' D' B' F2 L' R;2026-03-06 23:21:10;33.14
69;29.62;;F U2 B2 R2 U2 L2 D B2 D F2 L2 U B' U2 L' D' U2 F' D' L' F2;2026-03-06 23:22:10;29.62
70;40.90;;R' B U2 F L F' R2 U' R2 B2 D L2 U B2 D' B2 D2 L2 F D;2026-03-06 23:23:08;40.90
71;28.90;;F' U2 F2 D' B2 L2 D2 F2 L2 U' L2 D' R' B' L F' R D' L F2;2026-03-06 23:24:13;28.90
72;30.56;;B2 L2 U' L2 U' B2 D' L2 R2 D2 B2 L2 F' L2 F2 D' L2 D F2 R';2026-03-07 11:42:10;30.56
73;26.02;;D2 B2 L2 U2 R2 B U2 B U2 L2 R' U' B2 D2 R' B2 R B' F;2026-03-07 11:43:09;26.02
74;45.28;;B' R' B' R L2 F D F2 R' F2 D2 R' B2 L D2 L2 B2 R B2 D' F;2026-03-07 11:43:58;45.28
75;33.45;;F2 U F U2 B U2 L2 F' L2 F R2 D2 F U L' D F' L2 F2 U;2026-03-07 11:45:07;33.45
76;37.82;;F' D R' F2 U2 R2 D2 U' L2 U2 L' D B U R' U2 R;2026-03-07 11:46:04;37.82
77;32.13;;U2 R' L2 U F2 R2 B2 L2 R2 D' U2 F2 D' L' B D F D L' D B;2026-03-07 11:47:07;32.13
78;27.30;;B2 D2 F2 D2 L2 D2 B R2 B R' B2 F' D2 U2 L B D' F2;2026-03-07 11:47:59;27.30
79;35.49;;F2 D2 L2 F2 D' L2 R2 B2 R2 D' B' R U2 L U' F2 L2 B U R';2026-03-07 11:48:58;35.49
80;30.11;;L2 F' R' D R B L' F2 U2 L2 F L2 B R2 L2 U2 F2 L2 D' L2 U;2026-03-07 12:14:21;30.11
81;36.97;;L2 F2 D' L2 D2 L2 D' F2 D B2 U2 L' U L F' U2 R' D2 R' B;2026-03-07 12:15:28;36.97
82;37.68;;U' B2 L2 B2 D2 R' U2 L' U2 F2 U2 R2 F' D' B' L' D2 L' R2 U2;2026-03-07 12:16:36;37.68
83;28.19;;D2 L' D2 U2 F2 R' B2 F2 U2 L' B2 R' B' L B' R2 B2 R2 F D F2;2026-03-07 12:17:37;28.19
84;36.73;;L2 U2 F2 R F2 L U2 L D2 R D2 R' F' R U' L' B U2 F;2026-03-07 12:18:34;36.73
85;33.79;;F' L B2 R' B L D L U' B' U2 L2 F D2 L2 F B L2 B' U2;2026-03-07 12:19:37;33.79
86;28.89;;F' U2 R2 B2 F2 D U2 B2 D' B2 F2 L2 D R' F' D2 R' B L' D2;2026-03-07 12:20:30;28.89
87;32.18;;L2 F L2 F' U2 L2 B' L2 U2 F R2 B' R B2 R2 B' R' U R' F2 D';2026-03-07 13:57:56;32.18
88;27.93;;F2 R2 D2 F2 U' F2 D' L2 D' B2 U' R B D2 L B D' L2 R2 B' F';2026-03-07 13:58:54;27.93
89;37.46;;D' L2 F2 R2 U B2 U2 F2 U R2 D L B F L R2 U F L2 D;2026-03-07 13:59:44;37.46
90;28.57;;D2 R2 B' R2 F L2 U2 F L2 D2 B D2 L F' R' U L B' D2 B2 D2;2026-03-07 14:00:43;28.57
91;34.09;;F2 D2 F2 D' R2 U' R2 U' B2 F2 D U F' L' D' R D2 B U' L' D;2026-03-08 11:24:40;34.09
92;30.75;;B' R2 D2 F' D2 B R2 U2 R2 F' D B' R' B' F U L' B F';2026-03-08 11:25:49;30.75
93;47.51;;B2 R2 B U2 F' D2 F2 D2 B R2 F U2 D B F U2 L U' F2 R F';2026-03-08 14:19:01;47.51
94;28.21;;F' L2 D2 L2 F2 D2 B2 D2 U' L2 F R F2 L' D U B' U' B';2026-03-08 14:20:18;28.21
95;23.75;;L2 B L' U' D' B2 L D' B U F2 B2 U' D B2 U' L2 F2 L2 D';2026-03-08 14:22:13;23.75
96;23.97;;F2 U L2 R2 B2 U' B2 U L2 F2 D2 R2 L B2 R U2 F' L' R2 D2 B2;2026-03-08 14:23:03;23.97
97;24.37;;D2 F L2 D2 U2 L D2 R2 U2 R' F2 L B2 U' F' R2 F D' U R;2026-03-08 14:24:02;24.37
98;31.93;;U' R2 D2 R2 D B2 F2 D' B2 L2 R2 U' R' F L' U B L R2 U' B2;2026-03-08 14:26:03;31.93
99;32.17;;R2 U L2 F2 U2 L2 D' B2 L2 B L B' R' D2 R2 U' R B' D;2026-03-08 14:27:00;32.17
100;31.18;;L' B' R2 U' B2 D R2 F2 U B2 U L2 B2 R D F' D' B2 F' L;2026-03-08 14:27:58;31.18
101;26.01;;L2 B2 R B D R D' L B' D2 B' R2 D2 F2 R2 B D2 B' D2 L2;2026-03-08 14:28:52;26.01
102;30.16;;U2 F' D2 L2 F2 L2 R2 B' F' L2 D' L B2 D U R2 B L' F;2026-03-09 17:09:17;30.16
103;29.09;;U2 L' D2 L2 U2 R2 B' F' L2 F' U2 F L2 U' B L D F' D2 R;2026-03-09 17:10:13;29.09
104;40.07;;L D2 L2 D2 B2 L' B2 L D2 B2 D2 F2 U L2 B D2 U' B2 R D2 B;2026-03-09 17:11:16;40.07
105;34.32;;U2 L2 F2 R U2 B2 L' R' U2 F2 R' F' R' F' D' B' L2 U R' U2 R';2026-03-09 17:14:17;34.32
106;30.06;;U D F B R U L2 F2 L D2 B2 U R2 U' R2 U F2 U' L2 B2 R2;2026-03-09 17:15:43;30.06
107;32.77;;U2 L' F2 R' D' B L2 D L2 U2 D F2 R2 F2 R2 D' R2 L B2;2026-03-09 17:16:57;32.77
108;34.48;;R' F2 R2 B' L2 B L2 F U2 B' F2 D2 L2 D B' F2 L' U' L2 B D2;2026-03-09 17:18:03;34.48
109;23.19;;L' U' L2 F R2 D' L F2 R2 B2 R2 U2 B2 R2 D2 R2 F D2 R';2026-03-09 17:19:00;23.19
110;33.54;;R U L2 F2 L2 B' U2 B2 F L2 D2 U2 R B U' R2 F D' F';2026-03-09 18:13:45;33.54
111;29.20;;B' R' D2 L' D R2 F U' R2 U2 F2 D' L2 D2 L2 B2 D R2 F' U;2026-03-09 18:14:46;29.20
112;25.76;;R U2 F2 R' D2 F2 R2 B2 L' D2 F2 B U' L' R2 B D' F' U' F';2026-03-10 01:25:31;25.76
113;25.91;;F' D L' F' R2 F' D B L' F2 U2 F' L2 F L2 F' R2 B R2 F2 U';2026-03-10 01:26:22;25.91
114;33.67+;;R2 D L2 U2 R2 B2 D L2 D F2 D U' F' U L R2 F' L' R D B;2026-03-10 01:27:14;31.67
115;37.22;;L B2 U2 R' F2 L D2 U2 F2 R D' F R' F' L F R D2 B';2026-03-10 01:28:18;37.22
116;28.59;;F' D' F' R2 B D2 U2 L2 B' L2 F2 D2 L2 F L' U' L' F L R F;2026-03-10 01:29:19;28.59
117;36.91;;R2 F' B2 R' D2 R2 F U R L F2 L' U2 R2 D2 F2 D2 R' L' B2;2026-03-10 01:30:10;36.91
118;31.45;;F' D2 F2 U2 F' L2 B' D2 F2 D2 F R U' L D2 F2 U L' B2 L' F';2026-03-10 14:41:11;31.45
119;32.24;;R' L2 B' U' F R2 F2 U' F D2 B U2 F' U2 L2 F D2 B' R2 D2;2026-03-10 14:43:49;32.24
120;32.59;;L F' R2 D' R2 U2 B2 D F2 L2 U' F2 D2 U' L' D' F R' B' U F2;2026-03-10 14:44:42;32.59
121;36.00;;R2 U D2 F2 R F2 R D2 F2 R2 B2 F2 D' R' F' U' F2 D';2026-03-10 14:45:38;36.00
122;26.43;;L2 D' B2 U2 F2 U' B2 L2 B2 U2 L2 U2 R' U' L2 B D' F' L' F2 D';2026-03-10 14:46:37;26.43
123;35.26;;D2 L2 B2 R D2 L2 D2 F2 L F2 R2 U2 D' F2 D' F L' D2 R D B;2026-03-10 14:47:33;35.26
124;30.92;;R2 F L2 F2 D2 U2 F U2 R2 D2 U2 F' R' F R2 U' F' L2 R D F;2026-03-10 14:48:35;30.92
125;38.00;;L' B' D2 F' R2 D2 R U D2 B R2 F B' L2 F L2 U2 R2 U';2026-03-10 14:49:29;38.00
126;32.07;;D2 L' D B2 U2 B2 R2 F2 R2 U' F2 R2 D' B' F' R B L' R2 D2;2026-03-10 14:50:32;32.07
127;35.21;;L U' B2 R F' R' L' U' B U2 F' R2 F' R2 L2 U2 B' D2 B D;2026-03-10 14:51:28;35.21
128;31.84;;L2 B2 U' R2 L' F D R2 B2 R2 B2 L2 D2 R2 L' B2 U2 L' D' L;2026-03-10 14:52:27;31.84
129;29.71;;B2 D2 L' D2 B2 R' D2 R2 B2 F2 R F' U F D L2 F R2 U2;2026-03-10 14:53:25;29.71
130;44.10;;D' L2 D F2 R2 U2 B2 L2 U2 F2 U R2 B' L D' R' U2 B2 F D F';2026-03-13 00:36:23;44.10
131;33.96;;F D' B L' U L U' R2 B2 U2 D2 R2 B U2 F U2 D2 R2 U2 L;2026-03-13 00:37:35;33.96
132;38.28;;R' B2 L2 U2 L D2 L D2 R2 F2 U2 B2 F' D B2 U' L' F' D' B L;2026-03-13 00:38:35;38.28
133;29.93;;F R B2 L2 U2 F' D2 B U2 L2 D2 F2 R2 D' L2 U L' D2 U2 R2 B;2026-03-13 00:39:37;29.93
134;27.46;;F2 D L2 D2 L2 F2 U' R2 F2 D' U2 F' U R2 F2 U2 R' B D' L;2026-03-13 00:40:38;27.46
135;39.11;;U2 R2 D2 F' L2 F' U2 B2 F D2 L2 F U' L' B U2 B D' L2 B U2;2026-03-13 00:41:27;39.11
136;28.24;;F' U' R2 D F2 U L2 B2 U' L2 B2 L2 R' D' L F' U2 R2 D L2 U2;2026-03-13 00:42:36;28.24
137;26.48;;D F2 U' L' F2 B' R D F L2 F2 L U2 D2 R B2 U2 D2 R' B2 D2;2026-03-13 00:43:36;26.48
138;31.13;;U' F L U F R2 F' D' R2 B2 R F2 R2 F2 L' F2 B2 D2 L' F';2026-03-13 00:44:36;31.13
139;26.33;;B' R2 U B2 R2 F2 U F2 L2 D R2 D' B' L2 F' L D2 R2 F' U';2026-03-13 00:45:41;26.33
140;36.81;;U2 R2 F L2 D2 L2 F' D2 B U L R2 U2 F2 R2 D' U2 R';2026-03-13 00:46:34;36.81
141;27.37;;L2 B' F2 D2 L2 R2 F2 R2 D' R2 D' U L' R' D' R2 U F' L2 U;2026-03-13 00:47:32;27.37
142;25.28;;L2 B' R B2 R U' L2 B' D2 L F2 R' D2 F2 R2 D2 F2 R L2 U2;2026-03-13 00:48:25;25.28
143;28.78;;F' R' B2 U R2 D2 R2 F2 D' R2 U2 B2 D' L B' R' B2 D F' D';2026-03-13 00:49:19;28.78
144;27.25;;D U2 B' U2 R2 D2 F D2 L2 F' D2 B R F2 D' L2 F2 U L R;2026-03-13 00:50:10;27.25
145;27.90;;R' U2 R' D2 F2 R' B2 L U2 B2 L' F' D' R2 B R' U' B R2 U' B';2026-03-13 00:51:03;27.90
146;40.41;;U F' L2 F D2 L2 F' R2 B D2 R2 F' D2 U' L' D2 R2 F2 R2 B' U2;2026-03-13 00:52:03;40.41
147;27.46;;D2 B R2 F U2 B2 L2 F' L2 U2 R2 U2 D' F' L' B2 U R' U L' F2;2026-03-13 06:24:46;27.46
148;25.30;;R2 U2 L D2 L' U2 L' F2 R U2 F2 D' F L B F R' B D' B;2026-03-13 06:25:36;25.30
149;31.91;;L U2 F2 U2 F2 L' F2 L' B2 D2 F2 U2 D F D B' R F2 R2 D' L;2026-03-13 06:26:35;31.91
150;29.25;;L2 B2 D2 L' R2 B2 R' U2 F2 D2 U2 B' D L2 B L F2 L D B';2026-03-13 06:27:31;29.25
151;33.87;;B2 D B2 D B2 R2 U2 L2 R2 F2 D2 R' F D' B L R2 D2 F' R';2026-03-13 06:28:29;33.87
152;30.90;;L2 B2 L2 D2 L2 F L2 B F U2 R' D2 R D' L' U F D U2 L;2026-03-13 06:29:30;30.90
153;31.54;;U' L2 D' B2 F2 L2 B2 D R2 U2 L B2 R B R F' R2 B2 L';2026-03-13 06:30:29;31.54
154;41.01;;U2 L' D2 R B2 L' U2 R D2 R B' D R' D2 L2 B D L R';2026-03-13 06:31:21;41.01
155;30.54;;F2 U2 L B2 D2 R' F2 R2 U2 B2 L D2 U' R' U2 F2 L F R U;2026-03-13 06:32:25;30.54
156;50.07;;U R F' B R' F L D' F R2 B2 U B2 L2 B2 L2 U' R2 F2 U2 R2;2026-03-13 06:33:24;50.07
157;37.14;;B2 D2 B U2 F L2 B R2 U2 F' R2 U R' D F U2 R' D2 F' U B;2026-03-13 06:34:36;37.14
158;37.62;;R' L F' R2 L B U R D R2 B2 D2 B2 U2 R2 D F2 L2 U R;2026-03-13 06:35:49;37.62
159;32.55;;U' R U' F' B2 L' B L' B U B2 D L2 F2 B2 U' B2 U2 R2;2026-03-13 06:36:49;32.55
160;29.08;;D' F' U R U R D B' L' U2 F2 L2 U' B2 D' R2 L2 D' B2 D;2026-03-13 06:37:43;29.08
161;31.15;;L' D R2 F2 U' B2 D' L2 D F2 U2 B2 R' U' B F' D2 B' L B';2026-03-13 06:38:38;31.15
162;33.70;;R B R D R B2 L2 U' F R2 D2 R2 D2 F2 R' L2 D2 B2 R F2;2026-03-13 06:39:31;33.70
163;41.95;;B2 D B2 U' B2 L2 D2 R2 D' U2 B2 F L2 U' B D' L' F R D U';2026-03-13 06:40:35;41.95
164;33.92;;L B2 U R2 B2 D2 U' R2 B2 D2 F2 L' U B2 D2 R F D' B R';2026-03-13 06:42:09;33.92
165;30.65;;B' U D L U R2 L2 B' D' B2 L U2 F2 R U2 R2 B2 L U2 R2 U2;2026-03-13 07:28:10;30.65
166;39.18;;U' F' R F' L' F D B' U D2 F R2 L2 U2 F2 R2 D2 B' D2 B' U';2026-03-13 07:29:06;39.18
167;34.91;;B R B L2 B L2 F' L2 R2 U2 B2 L2 F L D B F L' D2 L';2026-03-13 07:30:11;34.91
168;32.22;;L2 U2 B' R2 F' U2 R2 B L2 F' U2 B R D L B U' R' F' D B;2026-03-13 07:31:13;32.22
169;24.80;;D' B' R2 F' R B2 R' F' D2 F' U2 B U2 D2 F' D2 L2 B2 L;2026-03-13 07:32:09;24.80
170;33.37;;R D' R2 F2 B2 R' B D2 R B2 R2 D' R2 D' L2 U2 L2 F2 R2;2026-03-13 07:32:55;33.37
171;33.90;;F2 D F2 U' B2 R2 U' F2 U' L2 U2 F2 R B' D B U2 B' U2 F2 D;2026-03-13 07:33:48;33.90
172;23.10;;U F U2 L2 U2 R D2 B2 F2 L' U2 B2 L D2 U' L2 F U F D' B2;2026-03-13 07:34:49;23.10
173;29.81;;R2 F L2 D2 F D2 L2 U2 F2 L2 R' D' U' L2 F U2 R' D' R;2026-03-13 07:35:41;29.81
174;30.33;;B L U2 B2 L2 R2 F D2 U2 L2 B D2 R2 D' U2 L' F2 R' B2 D';2026-03-13 07:36:51;30.33
175;37.25;;B' R' U' L B U2 B' R' L2 B R2 B D2 L2 D2 F2 D2 F' R2 D;2026-03-13 07:37:49;37.25
176;36.01;;L R2 F2 D2 R2 B2 D2 F' U2 B R2 D2 R' D2 B' U' R' B D U' B';2026-03-13 07:39:05;36.01
177;31.00;;B' D' L B R2 U' R U2 F2 R2 D' B2 D' F2 U B2 L2 F' B2 L';2026-03-13 07:40:30;31.00
178;35.10;;F2 L2 U2 D2 B U R' F' U2 L U2 B2 L B2 R' F2 D2 B;2026-03-13 07:41:21;35.10
179;35.20;;D2 R2 B2 D2 U' R2 F2 L2 R2 U2 F2 R' D F U L D L B D';2026-03-13 07:42:19;35.20
180;32.51;;R' B2 L B2 R2 D2 R' U2 R' U2 F2 U2 D F' U B' F' R U2 L' B;2026-03-13 07:43:19;32.51
181;34.03;;R D R U2 R2 F2 D2 L' U2 F2 U2 L B2 F L2 R2 D' L2 F R;2026-03-13 07:44:14;34.03
182;31.82;;R' B L2 U2 L2 D R2 U2 B2 U' L2 F2 R2 L' U' F L' U' F2 L F2;2026-03-13 07:45:13;31.82
183;39.46;;U2 F R2 D R2 U' L2 F2 R2 B2 R2 D2 L D' U L2 D' R2 F' L2;2026-03-13 07:46:03;39.46
184;36.69;;R F2 L2 B2 U L2 D2 B2 U L2 D2 B2 L' B U2 F L' U L B2 L;2026-03-13 17:26:25;36.69
185;29.37;;B U' D' F' R2 D2 R2 F U R' B2 R' B2 L D2 R' D2 B2 U2 R2 U2;2026-03-13 17:27:26;29.37
186;37.72;;U L2 F2 R2 F2 U L2 B2 D2 F2 U2 B R U B2 L2 D L' R2 U' F';2026-03-13 17:28:23;37.72
187;33.53;;R2 D F2 R2 U R2 U B2 F2 U' R' D' R' B R U L' B D F;2026-03-13 17:29:24;33.53
188;28.75;;U' B2 U2 L2 U F2 L2 U B2 L2 U' L D' B' L D2 F U2 R' D U';2026-03-13 17:30:17;28.75
189;31.55;;D R B' U2 F' U2 F' L2 B R2 B2 U2 F2 U F' L D' L' R' U2;2026-03-13 17:31:20;31.55
190;26.28;;R2 B' U2 R2 B' L2 B U2 F U2 F U2 L' B F' U F' L R' B2 R;2026-03-13 17:32:13;26.28
191;36.89;;F' L2 B2 R2 U2 B' U2 L2 F D2 L B U L R D R2 U2 B';2026-03-13 17:33:12;36.89
192;46.48;;D L U L U' B2 U' D F L' F2 L B2 U2 F2 B2 U2 L2 D2 R2;2026-03-13 17:34:15;46.48
193;33.15;;F' R' B2 D' B' R F2 D' B U2 F2 L' U2 R D2 R' L' U2 B2;2026-03-13 17:35:32;33.15
194;36.05;;L B' U' R2 F' D2 B2 R2 D2 B L2 U2 B' D2 R U' B2 D' B U' L;2026-03-13 17:36:33;36.05
195;33.35;;F U2 L2 F' U2 L2 F2 R2 F D2 F2 D' R2 B R B F L B' F2;2026-03-13 17:37:34;33.35
196;36.95;;D U B2 D2 U' F2 R2 F2 L2 U2 B2 R' B R2 D L' F2 R' B' R U;2026-03-13 17:38:32;36.95
197;39.80;;R F L U2 D B2 R D2 F2 D' B2 U' B2 R2 B2 D F2 B U';2026-03-14 22:22:59;39.80
198;34.73;;U' R B' R' D' B2 R2 L D R2 B2 U2 R2 U B2 D L2 D B2 L2;2026-03-14 22:24:05;34.73
199;40.85;;D' F U R' D2 F' D' R U2 B2 D2 L' F2 R2 F2 D2 L' F' L;2026-03-14 22:25:25;40.85
200;37.44;;F2 U R F2 L' U2 R' B2 R B2 D2 R' D' F' R B' U L B2;2026-03-14 22:26:28;37.44
201;34.65;;U' B D R2 F2 L2 B2 R2 U L2 U R2 D L' F2 D' U F' L B F';2026-03-14 22:27:39;34.65
202;25.99;;R' U' D' L2 F' U2 D R2 U2 B2 L' D2 R F2 U2 L2 D2 F2 L' F L';2026-03-14 22:28:40;25.99
203;31.86;;B R D2 L' F2 L2 D2 B2 D2 L' D2 R D' R U2 L' B U2 F' D2;2026-03-14 22:29:28;31.86
204;22.69;;U2 R2 B2 L2 B' U2 L2 B D2 B2 L' B D B2 L B2 R B L;2026-03-14 22:30:21;22.69
205;23.74;;B' D2 L' B2 U2 F2 L' D2 L' D2 B R2 D L F' U' B2 D' B';2026-03-14 22:42:25;23.74
206;29.83;;D R U L2 B R F R D' U2 F2 R2 F U2 D2 L2 U2 F2 L2 F';2026-03-14 22:43:31;29.83
207;37.07;;D' F B2 R' B2 D2 F2 U2 L' U2 L D2 R' F2 U' B' F L2 D' U' R2;2026-03-14 22:44:39;37.07
208;28.32;;D R D2 B U2 R' B' U' F R2 L2 U' B2 U B2 U2 B2 L2 F2;2026-03-14 22:45:47;28.32
209;25.36;;F' L B R F2 R' D2 U2 R2 B2 R' B2 L' U2 B' D' U' L' F2 D2 U2;2026-03-14 22:46:42;25.36
210;27.82;;U F D L U F2 L' R2 D2 R2 D2 F2 U2 B' U2 F U2 R2 U2 D R2;2026-03-14 22:47:36;27.82
211;24.57;;R' D L D2 F' R F' U' F D2 R2 U2 R' F2 L F2 L' U2 R U2;2026-03-19 20:06:37;24.57
212;23.98;;F2 L2 R2 D' U2 B2 U' B2 F2 D' L2 B' R2 U' B' R' F L' U;2026-03-19 20:07:27;23.98
213;23.10;;U' F2 L2 R2 D B2 U F2 U R2 D2 B' L2 D2 B2 D L D2 B' F;2026-03-19 20:08:18;23.10
214;34.91;;B' R2 D2 B U2 R2 B' L2 B U R' D2 L' U2 F U L2 R F';2026-03-19 20:09:06;34.91
215;39.19;;F2 L D R B' D' B' D F U2 B2 R2 B2 U2 B2 U' D2 L2 U F2 R';2026-03-19 20:10:10;39.19
216;25.63;;F L2 D2 R2 U2 F2 R2 U2 B' U2 F L2 D L' D F2 R D2 R' U2 F;2026-03-19 20:11:22;25.63
217;20.94;;U' B' L2 U' L2 F2 U F2 D' R2 F2 D2 F2 U B' R F2 D F' U' L';2026-03-19 20:12:08;20.94
218;31.34;;F2 U L' U' D' R F B L F2 D' F2 R2 F2 B2 D' B2 U F2;2026-03-19 20:12:51;31.34
219;30.13;;B' L' D2 F2 D' L2 D B2 F2 D' B2 U2 B2 L2 F' D2 L' U B F' U2;2026-03-19 20:13:50;30.13
220;23.05;;U' R2 D B2 R2 D' L2 F2 D' U2 R2 U2 L R D' F R2 F2 D2 B' U';2026-03-19 20:14:45;23.05
221;29.11;;U F U2 L D2 B2 R' D2 R D2 B2 U2 R' D' L' D' B U' F2 R';2026-03-19 20:15:41;29.11
222;30.70;;R' D L2 B2 U2 F R2 D2 F' U2 B2 F' U' R2 B' L D F2 R B';2026-03-19 20:16:35;30.70
223;32.74;;D R2 U D2 R B' D F D2 B2 U F2 D B2 L2 U L2 D' B';2026-03-23 15:13:37;32.74
224;29.68;;U2 B' D2 R2 F' U2 F' U2 L2 R2 B' U' F' U2 R' B2 U' R2 D' U2 B';2026-03-23 15:14:47;29.68
225;27.63;;L R2 U2 F' U2 B' F' U2 L2 F2 U2 R' U' L' D B2 R' U2 F2;2026-03-23 15:15:38;27.63
226;38.84;;B' R2 B' U B2 R L' D2 B' U2 F D2 L2 F B2 R2 F2 D L';2026-03-23 15:16:26;38.84
227;27.24;;D2 B L F2 D2 R' F2 U2 L2 F2 R U2 R2 F R' D' R B L' F U;2026-03-23 15:17:32;27.24
228;30.26;;R B U' F' U2 L F U' R2 B2 D' L2 D2 R2 D R2 F2 R2 L' U' B';2026-03-23 15:18:28;30.26
229;26.83;;L' F L2 U L F U' L' F' U2 F R2 F2 U2 B R2 F R2 B;2026-03-23 15:19:21;26.83
230;28.80;;F2 U L D F B D B2 D2 L' U2 R2 U2 F2 R2 D2 R' U2 D R;2026-03-24 11:49:18;28.80
231;26.06;;R F' L2 F2 U' R2 U F2 L2 U L2 D L' B2 R' U F' R' D2 B2;2026-03-24 11:51:34;26.06
232;28.86;;B2 L' B R2 F L2 D2 U2 F D2 B U2 B' L U' F2 D B' D2 L';2026-03-24 11:52:28;28.86
233;27.85;;L2 F2 D2 B F2 U2 L2 F L2 B' D2 L' D' B' F' L' R2 D' U F R2;2026-03-24 11:53:21;27.85
234;34.59;;F2 D' L' U' B' D F L D B R2 D2 R2 L' U2 L B2 U2 L' B2 L;2026-03-28 17:29:49;34.59
235;28.78;;R F D F2 L2 B2 D2 L2 U R2 U B' R2 U2 L' D' F R2;2026-03-28 17:30:49;28.78
236;26.40;;U2 B D2 B2 D' B2 U R2 U' F2 U' L2 B2 R U2 B L D' R2 D2 B2;2026-03-28 17:31:48;26.40
237;28.80;;D2 B L2 R2 U2 R2 U' R2 U F2 L2 F2 U' F' L2 R B' L U F2;2026-03-28 17:32:41;28.80
238;30.13;;L2 F2 R2 U R2 F2 U2 L2 U R B R2 F' D' L R2 B2 D' F' D';2026-03-28 17:33:38;30.13
239;29.20;;D R2 U2 F2 D B2 D B2 R2 U F2 U' F' U' R' B2 U2 L2 F R' D;2026-03-28 17:34:29;29.20
240;27.56;;U' L U2 B2 R2 F2 R2 F2 U2 R F2 R' D2 F' U' L2 D' B' R' B' L';2026-03-28 17:35:20;27.56
241;20.75;;D2 R2 B L2 F' L2 B2 U2 B' D2 F D2 R D F2 U L B' R D2 F;2026-03-28 17:36:07;20.75
242;17.61;;F U' L2 F2 D B2 U2 F2 D2 R2 U' R2 B' L B2 U' B' D' F2 L2 R;2026-03-28 17:36:54;17.61
243;38.34;;D U2 L2 B2 F2 D R2 B2 D2 F2 L' F2 L2 U' B R2 D B R D';2026-03-28 17:38:44;38.34
244;39.87;;B2 U B2 U L2 F2 D2 F2 U' R2 D2 F2 L' D B' D B L D' F' D2;2026-03-28 17:39:56;39.87
245;26.87;;L' D R2 U' R2 D R2 F2 L2 R2 U' F D2 R2 F2 L U2 F D;2026-03-28 17:41:00;26.87
246;32.19;;D2 R B2 L F2 L U2 R2 U2 B2 R2 B2 U' R' B' L U' R2 F2 D L';2026-03-28 17:41:50;32.19
247;27.39;;F R D U2 R2 B2 L2 F2 U2 F R2 D2 F D2 L B F2 D F U2 F;2026-03-28 17:42:45;27.39
248;26.19;;U' D2 B2 D2 F2 L2 R B2 R' B2 D2 F U' F L D' L B' L2;2026-03-28 17:43:39;26.19
249;29.05;;D F U2 L' B' R L2 D' F R D2 L D2 R2 U2 R' F2 R2 D2 R B2;2026-03-29 12:20:51;29.05
250;26.58;;L B U2 L' U2 F2 R' D2 R D2 F2 U' B F D F R D2;2026-03-29 12:21:39;26.58
251;23.99;;D2 F U B2 D2 L2 U R2 D L2 D F2 R2 L D R2 B' U' L2 R B';2026-03-29 12:22:54;23.99
252;26.83;;D B2 L' U2 B2 L2 R2 D L2 F2 R2 U' L2 D R U B F D B2 U2;2026-03-29 12:24:04;26.83
253;26.06;;L' B R2 D2 F2 L' D2 B2 L R' B2 U2 D' F' L B L2 B2 F2;2026-03-29 12:24:53;26.06
254;26.30;;R' U R2 B D R F' B2 D F2 L2 F D2 F U2 R2 B2 L2 B R2 B';2026-03-29 12:25:54;26.30
255;28.70;;D2 B2 L2 F' D2 B D2 L2 F' L2 B D R' F D R2 D B2 L';2026-03-29 12:26:39;28.70
256;28.43;;F' U2 L2 F2 L' B2 D2 L2 D2 R2 B2 R' F' R2 F2 R U' L2 B R;2026-03-29 12:27:29;28.43
257;28.89;;D2 L2 F2 U2 F2 D2 U' B2 U' F D2 L' R2 F' R D' U' L' U;2026-03-29 12:28:18;28.89
258;27.77;;B D B2 D' L2 U L2 D2 F2 L2 R2 U' F2 B L D2 F L2 D' B L;2026-03-29 12:29:14;27.77
259;27.69;;R' B' R U' F' R' L' D2 B' U2 F R2 F D2 R2 B' D2 B' U';2026-03-29 12:30:11;27.69
260;27.41;;B' D2 B2 D B2 U F2 D' B2 L2 U' F2 U B D' L' U' B' R F2;2026-03-29 12:31:04;27.41
261;21.36;;B2 D2 B2 D2 L2 U2 L2 F' L2 D2 B' U2 D' F L R' D B2 D2 L B;2026-04-05 13:55:58;21.36
262;26.24;;D L2 D2 B2 D2 B D2 R2 B R2 F' U2 F2 U B R' B D' L2 F;2026-04-05 13:56:46;26.24
263;24.61;;F' R2 U2 L2 D2 R2 B2 D L2 D' F2 D' B' R2 B' R D L U' B';2026-04-05 13:57:41;24.61
264;24.19;;R U2 D B' R2 F' U B2 D2 L F2 U2 D2 F2 L F2 R' L2 B2 F;2026-04-05 13:58:29;24.19
265;28.48;;B2 F2 L2 F2 D2 B2 D L2 F2 U' F2 U' F' D R' B F R' F D;2026-04-05 13:59:16;28.48
266;27.58;;L U' F2 R2 F2 D U F2 R2 D' F2 L B U' L2 U2 B U2 L';2026-04-05 14:00:14;27.58
267;24.05;;D R2 B2 D2 B2 D L2 B2 L2 D' L' B D2 U R D' R2 B' L F;2026-04-05 14:01:25;24.05
268;18.94;;R' U B2 R2 U' L2 D L2 D B2 R2 U2 B' R B2 D L2 B2 L2 R' F';2026-04-05 14:03:54;18.94
269;25.90;;F2 D B2 D' B2 U L2 D2 L2 F2 D B' U' L' D' R B L B' D' U2;2026-04-05 14:04:55;25.90
270;28.59;;D' F R2 B' D2 R2 B D2 F L2 F' D2 U L' F R' U2 B2 F U' F2;2026-04-05 14:05:46;28.59
271;30.08;;R' D2 L2 R2 B2 D2 F' D2 F' R2 B' D2 U2 R F' D L' D' B' F2;2026-04-05 14:06:45;30.08
272;25.07;;D2 B2 R2 F2 L U2 L2 F2 R' U2 B2 U2 B L U2 R2 B F R U L';2026-04-05 14:07:39;25.07
273;18.03;;R' U L2 U' R2 U B2 R2 D2 L2 B' D L' F' D U' B' R2;2026-04-05 14:09:14;18.03
274;30.69;;B2 L' U2 F2 U2 R2 D2 L2 F2 U' L F L R U B D B U';2026-04-05 14:09:59;30.69
275;23.73;;R2 U2 F D2 F' U2 F' D2 L2 R2 B R2 U' R2 U2 R U L2 B' L' D2;2026-04-05 14:12:25;23.73
276;18.13;;F2 R' B' D' R U' F B2 U2 L2 D' F2 R2 U' B2 L2 U' R2 B' D2;2026-04-05 14:13:13;18.13
277;24.44;;D2 L2 R2 D R2 U2 F2 R2 F2 D' F2 R F D2 L R2 F2 U L B2 R2;2026-04-05 14:15:15;24.44
278;27.54;;L2 U R' D2 R B2 L' R2 D2 U2 B2 L2 D L U' R2 U' B L;2026-04-05 17:23:55;27.54
279;25.38;;B F2 R' U2 L' B2 L' R2 F2 D2 R F2 U' R B2 R' D F L2;2026-04-05 17:24:47;25.38
280;22.90;;F' U2 L2 U L2 B2 U' F2 L2 U R2 U2 L U2 R' B2 D' U F' D' U;2026-04-05 17:25:40;22.90
281;25.61;;D' L2 U' B2 D' F2 R2 D' B2 F2 U' R2 B' U2 L' U L R' U2 B' U2;2026-04-05 17:26:25;25.61
282;20.20;;R2 U2 D2 L' U F R' U' F2 D2 L' B2 R' U2 L B2 R' U2 L' U2;2026-04-14 13:46:09;20.20
283;21.26;;R U' D' R2 F' L F' B2 D' R2 L2 D2 F2 L2 B' D2 F L2 F2 D2 R2;2026-04-14 13:47:03;21.26
284;26.33;;U L F2 D' L2 B2 R2 B2 F2 D L2 U2 F' L2 D2 L' B2 F2 D2 U;2026-04-14 13:48:05;26.33
285;28.21;;D2 B' D2 B' R2 U2 R2 F' R2 F' U2 F2 R B D' U' F' L' B2 L2 U2;2026-04-14 13:49:11;28.21
286;22.24;;B2 R' B2 L2 B2 U2 B2 L' F2 R D2 L' B D' B R' B' L U2 F' D;2026-04-14 13:50:06;22.24
287;22.03;;F R2 B2 D2 F2 R2 D2 R2 B' D2 R2 F' L F' L2 U' F' L2 D U L;2026-04-14 13:52:17;22.03
288;28.81;;F' D2 L2 R2 B2 L2 U F2 D' B2 R2 L' F R' U2 R2 B F2 D U;2026-04-14 13:53:05;28.81
289;28.08;;B2 U' L B2 U2 R B2 R' F2 L2 F2 D2 B2 D F R2 B' D R U2 L';2026-04-14 13:53:58;28.08
290;24.04;;L' B2 U' B U' B R' B2 R2 D' F2 D2 B2 D B2 U B2 U' R2 L' F';2026-04-14 13:55:01;24.04
291;21.10;;B2 U2 B' U2 L2 F' D2 F2 D2 R2 B' D R B2 U' B' F D2 L' U2 B2;2026-04-14 13:55:52;21.10
292;22.56;;D' F R B D' R U B2 R B2 D F2 L2 U2 D R2 D2 R2 B2 L2 D;2026-04-14 13:56:42;22.56
293;23.26;;U2 L2 B2 R2 U L2 U' B2 L2 F2 L2 U2 B' U L' F' U2 R2 D U';2026-04-14 13:57:28;23.26
294;22.68;;B2 D' R2 B2 U2 F R2 F D2 L2 F' D2 B2 R2 D R F L D' U F';2026-04-14 13:58:18;22.68
295;22.00;;D B2 D B2 F2 L2 D U2 F2 U2 L2 R F' L R B' R B' R2 U';2026-04-14 14:36:18;22.00
296;29.71;;D' R' F2 R' B2 F2 L D2 R' D2 R' B2 R2 U B2 R' B' L' R2 U2 L2;2026-04-14 14:37:47;29.71
297;24.72;;L' U' L2 F2 L B2 D2 L' U2 F2 U2 B2 R2 D B2 F L B F D;2026-04-14 14:38:58;24.72
298;21.28;;F2 U2 B2 L2 F2 U2 R2 U F2 D' R2 D R U L2 F' U' L2 D2 L';2026-04-14 14:39:56;21.28
299;23.50;;B L2 B' U2 R' D' L B R2 L2 U2 R2 F2 U B2 R2 D B2 D2;2026-04-14 14:40:45;23.50
300;23.11;;U2 F2 D' B' U' L' B' R' U2 F2 U B2 U B2 L2 D F2 D' F2 D F';2026-04-14 14:41:42;23.11
301;24.97;;D2 R2 F2 R' D2 R' U2 R2 U2 B2 R U' L' D B' L2 U2 R U F';2026-04-14 14:42:33;24.97
302;27.63;;R' F2 R F2 U2 L' D2 R2 B2 F2 D2 R U' F' R' B2 F' R2 B' U R2;2026-04-14 14:43:20;27.63
303;23.55;;F' R' U D B U' B2 L' F2 L2 F2 R2 U R2 U' F2 R2 D L';2026-04-14 14:44:15;23.55
304;20.81;;L B2 R' F2 U2 B2 R2 D2 U R2 D B2 F2 R2 L B2 F U2 B L' D;2026-04-14 14:45:05;20.81
305;27.40;;F2 L F2 D' U' L2 F2 D F2 U2 R2 F2 U2 B' D' U2 L R2 U B2 F';2026-04-14 14:45:56;27.40
306;25.21;;U2 L' F2 U' L2 D F2 L2 D2 U' L2 F2 D B U F' L2 R' F R2;2026-04-14 14:47:05;25.21
307;27.63;;F2 L2 D' B2 D2 R2 B2 U R2 D L2 U B' L' F2 L' F L R B';2026-04-14 14:48:09;27.63
308;18.71;;D' B2 U2 R2 F D2 F2 R2 B2 L2 B' U2 L D2 B D L U' F R';2026-04-14 19:30:29;18.71
309;27.21;;B2 F2 U F2 U' B2 U B2 L2 D' B2 F' U' L' R D B U R2 D2 L;2026-04-14 19:31:19;27.21
310;24.51;;F R2 D' L B U' L B R2 F' R2 D2 L2 F' R2 F D2 B D2 U' L2;2026-04-14 19:33:12;24.51
311;27.68;;B' U2 F' U2 F2 D L2 D' R2 D2 L2 F2 U B' L' R' F' D' B' U2;2026-04-14 19:34:03;27.68
312;21.41;;R2 F U F B U' F2 D L B2 D2 R2 B2 L F2 D2 R' F2 L F2 D';2026-04-14 19:35:00;21.41
313;22.49;;U2 F' U F D F' L' D' F2 D2 F2 L2 D2 F2 L F2 R' F2 B2 U';2026-04-14 19:35:45;22.49
314;24.67;;R2 F2 U2 L' U2 L2 D2 F2 R B2 L2 D2 B F U' R U L2 D2 U2 R';2026-04-15 15:03:09;24.67
315;24.33;;F2 R2 F2 U2 L' D2 B2 L B2 U2 F2 R' B' L' D2 U' R F R D2 B;2026-04-15 15:05:04;24.33
316;20.98;;F2 L2 D2 U2 L U2 B2 R2 U2 L' D2 L' U' B' L2 B2 R2 U' F U2 L';2026-04-15 15:05:55;20.98
317;20.63;;L' D B' U' B' D2 B U' R' L2 D2 F2 L2 B2 U' R2 F2 D R2 B2;2026-04-15 15:06:45;20.63
318;24.22;;F' U2 B2 U2 B2 D L2 B2 R2 U' B F' D' F' L' B' L B';2026-04-15 15:07:28;24.22
319;23.28;;R2 F2 R2 U L2 D2 U' B2 L2 R2 D R U2 R2 F U F R' B U2;2026-04-15 15:08:25;23.28
320;23.22;;R2 B' U2 F L2 F' R2 F2 D2 L2 B D' B U L2 R D' B R' B2;2026-04-15 15:09:17;23.22
321;25.89;;F D2 R2 U' R2 U B2 D2 F2 U' L2 U R U2 F L' D L2 B2 L' U';2026-04-15 15:10:15;25.89
322;26.08;;U' B2 L2 B' U R' D L' B' F2 U2 R U2 F2 R' F2 L F2 L B2;2026-04-15 15:16:24;26.08
323;26.49;;F2 R B2 L R2 D2 F2 R2 B2 R' F2 D L2 F R U R U2 B L' R';2026-04-15 15:17:12;26.49
324;25.66;;F2 D R2 U F2 D F2 U R F U F2 L F' U B F' L2;2026-04-15 15:18:02;25.66
325;24.20;;D' R' U2 F U' B2 L D2 F U2 D2 B2 D2 L B2 L2 D2 R' B2;2026-04-15 15:19:34;24.20
326;18.00;;R' U L2 B' R2 F2 D2 B U2 F' U2 F' R2 L' B' F2 R' D B' U2;2026-04-15 15:20:23;18.00
327;25.22;;F R2 U' B' L F L' F2 D R2 U' F2 D' R2 F2 D2 L2 B2 D B';2026-04-15 15:22:00;25.22
328;27.64;;F D' L F' B D B D2 R' F2 R U2 R U2 B2 R' D2 R F' L;2026-04-15 15:22:47;27.64
329;26.28;;D F2 R' F2 D2 R2 B2 R' D2 L' R2 F' D2 F' R2 F D' L F';2026-04-15 15:23:44;26.28
330;27.14;;D' R B2 F2 U R2 D2 F2 L2 B2 U B2 U2 F2 R' F' D L2 D' L2 R';2026-04-15 15:24:39;27.14
331;28.55;;L2 U D2 B' R2 F2 L2 F D2 F L2 B' R2 F' R' D' L B' R2 F2 U2;2026-04-15 15:25:31;28.55
332;25.52;;U2 L' U L' B R2 F U2 F2 B2 L2 D F2 R2 D R2 D2 L2 F L' U2;2026-04-15 15:26:28;25.52
333;25.34;;D' B' U2 L B2 L D2 R B2 F2 R2 F2 L' D' R F2 U' B F D' R';2026-04-15 15:27:27;25.34
334;22.35;;B D L' D2 F2 U2 F2 R F2 L2 F2 U2 L' F' L D2 F' U2 L' R';2026-04-15 16:04:22;22.35
335;23.97;;L' B' L' B2 L F2 L' F2 D2 B2 L' B2 R B U' L' F D F' L2 B;2026-04-15 16:05:13;23.97
336;29.70;;U R B2 R2 F2 D2 R2 D2 F L2 U2 R2 D2 L U B2 U F2 D2 B';2026-04-15 16:06:03;29.70
337;27.10;;F2 D2 R' L2 B2 D2 R2 U' F2 D' F2 D R2 D' B U' F R' F L2 B';2026-04-20 14:44:22;27.10
338;23.19;;L F2 U R2 U' L2 B2 F2 D' F2 U2 B2 F L' D' R' F L D2 L B;2026-04-20 14:45:20;23.19
339;24.21;;R U F2 B2 U B D' F2 B2 R' U2 L2 U2 F2 D2 B2 R' B2 L B';2026-04-20 14:46:14;24.21
340;24.77;;L D2 F2 D2 R B2 U2 L' D2 L' R D L2 F L2 F' U' L' U' L2;2026-04-20 14:48:09;24.77
341;27.06;;B' L2 F2 L2 U' R2 D' U' B2 D' F2 D L' F R2 D' F L2 F L' B;2026-04-20 14:49:13;27.06
342;21.27;;U' B2 L2 D L2 D' L2 R2 B2 D2 B' R' B F' D' R' D' R F';2026-04-20 14:49:59;21.27
343;23.64;;L2 U' F R D R' U2 L' U' F2 L2 F R2 F D2 B2 L2 B' D2 F';2026-04-20 14:50:57;23.64
344;23.60;;R2 B' D2 F L2 F' D2 U2 F' R2 F D L2 R' U2 F2 R' B2 D;2026-04-20 14:52:30;23.60
345;23.74;;F2 D2 F' L U' R F B U R2 F2 U' F2 D L2 D R2 D R2 B;2026-04-20 14:53:20;23.74
346;23.19;;F' L2 D2 F U2 B R2 B' F R2 F' D F D2 L' R U F L R U;2026-04-20 14:54:09;23.19
347;25.91;;L2 R2 D F2 U2 L2 R2 B2 R2 U' L2 F' L D L2 U R' B F';2026-04-20 14:54:58;25.91
348;30.75;;B2 L2 B2 U' F2 D' R2 U' F2 D' R2 F2 L U' F' R' D F D2 R B';2026-04-20 14:55:49;30.75
349;33.87;;L2 R2 D R2 U' F2 D2 U2 F' U' L2 F' L' D L2 B L U';2026-04-20 14:58:14;33.87
350;25.05;;F R2 D2 F D2 B D2 F L2 B2 R F2 R' U' B' R' D' L' R';2026-04-20 14:59:22;25.05
351;23.63;;U2 R' F2 L2 D' R2 F2 D2 F2 D2 U2 R2 U R B' R' F D B2 L F;2026-04-20 15:00:17;23.63
352;28.78;;D2 U2 L2 D2 L' D2 B2 L R' D2 B' D' L R' U2 L2 B' L' U' F;2026-04-20 15:01:07;28.78
353;20.24;;R' D2 L' F2 U2 R2 D2 F2 U2 B2 L2 D F' D F' D2 U' B F' R';2026-04-20 15:02:01;20.24
354;20.67;;F2 R' U2 B2 U' R2 F L2 D2 B2 U L2 B2 U' B2 L2 B2 D L' U';2026-04-20 15:02:42;20.67
355;24.41;;U2 B D2 R2 D2 F D2 U2 B U2 B' F L' D' L B' R' D' F R' D';2026-04-20 15:03:31;24.41
356;19.25;;F D F D2 L2 R2 B R2 F' D2 R2 F L2 U2 R' U2 F U' F L B;2026-04-20 15:04:17;19.25
357;22.30;;B2 D2 L2 B2 U B2 U B2 D' L2 D' L' D R' B F U' F2 R B R2;2026-04-20 15:05:00;22.30
358;19.32;;R2 D2 L' B L D' L D R F' L2 B2 U2 F U2 R2 L2 U2 R2 F' L2;2026-04-20 15:06:00;19.32
359;27.40;;R2 D L2 U' F2 D2 L2 D B2 R2 L' B R U2 F D2 L' U' B' F';2026-04-20 15:06:46;27.40
360;24.36;;F B' U' L B2 U' D2 F' R2 B2 U L2 F2 U2 D F2 R2 F2;2026-05-03 12:13:16;24.36
361;26.59;;R2 L U2 F' D B2 D2 L F' D2 F U2 F D2 L2 B' L2 B L2;2026-05-03 12:15:27;26.59
362;28.94;;U2 F2 U2 B2 D B2 L2 U' L2 F2 R2 F' L' U R' D' R U B' R U;2026-05-03 12:16:19;28.94
363;24.26;;U2 B2 R2 F L2 B L2 F' U2 B F' U B' R' F' D B L' F' U2 F2;2026-05-03 12:17:10;24.26
364;29.03;;F' L2 U2 L' U2 L' U2 F2 U2 R2 F2 R B2 D' B L2 D' L F' D2;2026-05-03 12:17:58;29.03
365;24.72;;B' L2 D2 B2 L2 F2 R2 U2 B' R2 D B L U' B2 D R F' D' B' R2;2026-05-03 12:18:53;24.72
366;24.53;;L D2 L2 B2 U2 R2 F' D2 L2 F R2 D2 R F' U B' D' F R D2;2026-05-03 12:19:47;24.53
367;29.19;;U2 L' B2 R U2 L' B2 D2 F2 R U2 D F' R' U' B2 R U' B F2;2026-05-03 12:20:33;29.19
368;26.02;;R U2 L2 B2 U2 L' F2 U2 R U2 D' F2 U2 F' D' R2 B R' B2;2026-05-15 16:53:27;26.02
369;22.79;;D2 R' D' B2 U R L2 B' R2 D2 F2 R' B2 D2 L' F2 L2 F2 U2;2026-05-15 17:17:51;22.79
370;23.29;;D B F2 U2 F2 D2 U2 F2 L' D2 U2 B U B F' R2 U2 B';2026-05-15 17:18:39;23.29
371;28.08;;F2 D R2 B2 U R2 U' B2 D B2 D R2 L' U F' U2 B2 U2 R U' B2;2026-05-15 17:19:32;28.08
372;26.35;;D' U2 R' U2 R D2 U2 L' F2 U2 L2 R' U2 F' L' B2 D2 B' L2 U' B';2026-05-15 17:20:29;26.35
373;22.12;;R2 B2 D2 L2 B' L2 B' U2 B R2 B' D B2 U' L' R B' F2 U2 R;2026-05-15 17:21:22;22.12
374;24.95;;L F' B2 U2 D2 L' U' F D L B2 L' F2 D2 R' D2 R' D2 B2 U2;2026-05-15 17:22:18;24.95
375;19.49;;B' U R2 D2 B' L2 B' U2 F2 U2 F2 R2 F2 D' L' B2 F' D2 B2 L2 D;2026-05-15 17:23:06;19.49
376;23.45;;R2 B F2 R2 F2 D2 F' U2 B' L2 D2 L' F2 L' D2 R' F D L2 D2;2026-05-15 17:24:09;23.45
377;32.30;;U' R' F2 R' F2 U2 B2 D2 R' F2 L2 D2 F U L D B' L' D' L;2026-05-15 17:25:00;32.30
378;26.89;;D F' D2 L' D2 L' D2 R2 U2 F2 L2 B2 U2 R D L U' F2 L F L';2026-05-15 17:25:57;26.89
379;21.50;;B D F' D2 U2 F2 U2 B' D2 F U2 F2 U2 L2 D' F' R U2 B2 L2 D;2026-05-15 17:27:03;21.50
380;19.87;;U R U' D2 F' D F' R2 U2 D' R2 U2 B2 D' L2 F2 D' B2 R2 L U';2026-05-15 17:27:48;19.87
381;21.75;;U' F' U2 F2 U2 R2 B' F2 R2 B2 D2 L D B' D2 R U R' D2 R';2026-05-15 17:28:57;21.75
382;21.65;;F L2 B2 D R2 D2 B2 R2 D L2 D2 U R' F U R2 U L R' U2;2026-05-15 17:29:42;21.65
383;24.42;;B D' L2 R' B2 D2 L' D2 R2 D2 F2 R' U' F U' L R2 F U R';2026-03-17 11:06:33;24.42
384;22.39;;R2 F' B' R' B2 R B2 D L' U L2 F' U2 D2 R2 F2 B U2;2026-05-26 16:41:09;22.39
385;24.49;;U2 L' U2 R2 U' B2 D2 U2 L2 B2 F2 U B' F' L U2 F' R2 B2;2026-03-16 15:20:46;24.49
386;27.57;;F' L2 U2 L2 U' B2 F2 L2 R2 U R' F L' R2 U L' U B D';2026-03-14 17:30:39;27.57
387;27.19;;B' L' D2 R2 D2 F2 R2 D' B' R' F' L U' B R' B D2 R;2026-04-12 17:05:34;27.19
388;24.17;;F U' B U' F2 U2 L U' D2 F2 R2 D2 F R2 B2 R' F' L2;2026-03-17 11:13:21;24.17
389;17.02;;L F' D L2 U B2 L2 U B2 U R' B2 L F R2 D' B2 D U2;2026-05-26 16:35:24;17.02
390;25.34;;B' D' F' D2 R2 B2 L2 U R2 U2 B2 F2 R' F' D' F2 D2 U' R';2026-03-16 15:27:19;25.34
391;26.16;;B' D2 B U2 F2 L R2 U2 R D2 B2 L2 F D' L R U' R2 B';2026-03-14 17:18:26;26.16
392;28.45;;U' F D' B' U R' F2 B' D' L2 F R2 B2 L2 D2 R2 B' L2 U2 F';2026-03-18 19:49:33;28.45
393;23.01;;U2 L2 F R2 B2 F R' D' U' B' L U2 B2 L U' L D';2026-04-12 16:57:41;23.01
394;26.96;;R U L2 D2 L B2 L U2 F2 R B2 U' R2 F' D2 F U2 B L;2026-05-26 16:31:34;26.96
395;23.66;;D B2 L B' U L D B L' F2 U2 L2 D2 B2 U2 L' B2 R L;2026-03-16 15:43:01;23.66
396;29.71;;F D2 R2 D' L2 B2 U2 B2 R2 U B2 F' U B2 F' U2 B' L B;2026-03-14 17:10:38;29.71
397;26.61;;R2 D' B L' U F' B' D2 F2 L' F2 L' D2 F2 L2 B' R D L;2026-04-12 16:50:31;26.61
398;27.86;;L R2 U2 R2 F D2 B F2 L2 R' D L B' U R B2 L D U';2026-03-26 14:53:56;27.86
399;22.54;;R U2 B L F' U' R2 F R2 B2 L2 U F2 R2 U R2 B2 U F;2026-05-26 13:27:34;22.54
400;26.12;;B2 D' B' U2 L2 U' L2 D' L2 U' R2 B2 D R B2 F D B D' B';2026-05-31 17:00:15;26.12
401;29.71;;U' F2 D R2 L B U' L' F' R D R2 L2 B2 U' D' L2 U' L';2026-03-15 17:04:58;29.71
402;21.09;;R2 U' D2 F' D2 L2 F2 D2 R2 L U' F2 B2 L' F2 D2 L' D2 R';2026-05-25 17:03:56;21.09
403;29.07;;R D2 L B2 F2 L B2 R' F2 R' D U' L' B2 D B' L R' D';2026-04-11 17:17:09;29.07
404;23.87;;R D F' B R F' L' U' F B D2 B2 R2 F2 U' B2 U2 B2 L';2026-03-26 17:54:11;23.87
405;24.90;;B2 L2 B' D2 B F2 D2 L2 D2 U' L F D2 B F' L' D U2 R2;2026-05-31 16:53:38;24.90
406;20.69;;L' B' L' U2 F2 U2 B2 U2 R2 D2 L' R2 B' L2 D' F' D2 L R2 D';2026-03-15 16:57:49;20.69
407;21.67;;B U F L2 R2 B' R2 B2 L2 D2 R2 U B' R D2 L' B' R2 D2;2026-04-19 13:53:11;21.67
408;28.79;;D' L' D L F2 R' F2 U2 B2 U2 F2 U F L' D' R B' D' F;2026-03-27 09:05:52;28.79
409;28.19;;R B R' B D' B2 D R2 D2 L2 B2 L' U' L B' F' D2 U2;2026-04-11 17:09:21;28.19
410;35.06;;U2 L2 D2 F2 L' D2 R' F R2 B' D F2 D2 B2 F' L U R;2026-03-15 16:51:19;35.06
411;27.39;;R' F2 B' R2 F' D2 L2 U' B D2 R' D2 F2 R' F2 R' U2 F2 L2;2026-04-19 13:45:16;27.39
412;33.12;;U' L2 R B2 U2 R2 U2 R' B R2 U' F2 U' B' D F' R B';2026-04-06 09:13:15;33.12
413;25.37;;D2 R D' R2 F' D2 R U2 D' F R D2 R' U2 R' D2 B2 R2;2026-05-30 17:25:04;25.37
414;24.46;;B R D R2 B2 D2 L2 F2 D R2 U' F D2 B' F' D' U F' D2;2026-03-17 10:52:08;24.46
415;32.76;;F' U R2 L' D2 L U2 D2 F R2 B L2 F B L' F;2026-03-15 13:58:12;32.76
416;24.99;;D R' D2 L D2 R' F2 L' R2 D' F' U R' U L F2 D R2 B;2026-04-17 09:27:29;24.99
417;26.15;;U' F R' B D' R U' F L U2 B2 L' U2 L' F2 L' D2 R2 F U2;2026-03-27 09:13:11;26.15
418;28.53;;F B' L' B R D F2 B' U F2 L U B2 U' D R2 L2;2026-05-30 17:32:22;28.53
419;27.29;;U2 R2 B2 U2 L2 R2 U F2 L' F' D' R' B2 D' B' D' L F' U';2026-03-16 15:46:18;27.29
420;21.85;;L' U2 B U R2 D' L2 U' B2 L2 B2 U L' U2 L D' F D' F2;2026-03-14 17:59:37;21.85
421;20.62;;D2 B2 D2 B2 R D2 B2 L U2 R B L2 U B D' F' U' L2;2026-04-17 09:00:23;20.62
422;26.19;;U' B2 D2 L2 B' D' F2 U B2 D R2 U' F L' D' R' F R' B2;2026-05-28 12:04:00;26.19
423;29.11;;U L' B U' F' U2 B' D2 B F D2 R2 U' L F2 D' F' D2 B2;2026-03-15 17:24:59;29.11
424;37.79;;D2 B D' B2 F2 D2 B2 U F' R D B' L2 U' B2 D2 F2 L;2026-03-14 17:45:57;37.79
425;17.91;;U2 B' D2 R2 L B D2 B' L2 D' R' D2 L2 D2 B2 R' L';2026-04-15 09:23:46;17.91
426;23.87;;R D R2 L U R B' R2 B' U R2 U2 D F2 R2 F2 R2 U D2;2026-03-17 11:07:22;23.87
427;26.51;;L B2 U2 L' B2 L' U L' R2 U F' L' R' B' F2 R2 F2;2026-05-26 16:40:28;26.51
428;27.49;;U2 D' B2 R' F2 B' L2 F U B2 L2 F2 U2 F2 B U2 F2 D;2026-03-16 15:21:33;27.49
429;26.37;;L' R' D2 U2 R F2 U2 R D' B' U F2 R2 F' D B2 L' B;2026-03-14 17:29:08;26.37
430;23.31;;U' D' B U' B' R' U2 B2 D2 B L2 U2 R2 F2 D B2 R2 D;2026-04-12 17:04:46;23.31
431;29.06;;U D2 L' U2 L' R2 F2 L F' U' L2 U' L' D2 U B2 D' F2;2026-03-17 11:14:08;29.06
432;21.58;;U' L B' U2 D' F' R2 F U' L F D2 R2 F' U2 L2 F B;2026-05-26 16:34:46;21.58
433;32.40;;F' R2 F2 R D' F R B' L' U R' F2 B2 D' B2 U R2;2026-03-16 15:28:15;32.40
434;26.73;;R U' D2 L' U L2 B2 U2 L B' U2 D2 L' F2 D2 R2 D2 U';2026-03-14 17:17:19;26.73
435;23.53;;B2 R' D2 U R2 F2 L R U2 F' R F L2 D2 B L U2;2026-04-12 16:56:58;23.53
436;36.83;;L' F2 D2 L' B2 R' B2 L2 U2 F' U B2 D2 F2 L2 D U2 F2;2026-03-18 19:50:31;36.83
437;24.65;;L2 R F' R2 F R2 B L2 R' D' B' L' B2 U B L F;2026-05-26 16:30:37;24.65
438;27.62;;R F2 D2 L R' U2 R' D2 U2 R' D F' L' U2 L B L R D' U2;2026-03-15 17:24:06;27.62
439;30.71;;F2 B R U' F2 U' F R2 L2 B L B' R2 F' B' D2;2026-03-14 17:09:36;30.71
440;25.35;;L B D' R L2 U2 B2 U B U2 F U2 B2 D2 B' R' B2 R;2026-04-12 16:49:34;25.35
441;26.15;;F L F2 U F2 U2 L2 U R2 U' F2 L B2 U2 B' U' B U F;2026-03-26 14:54:53;26.15
442;21.69;;L2 U2 F2 U2 B2 D F2 L' U2 R2 U' R U2 B2 U' F' L;2026-05-26 13:24:14;21.69
443;20.00;;F' R U R' B2 L B2 F2 L F' R B L' D' L' F' U;2026-05-31 16:59:22;20.00
444;27.59;;L2 U R2 D2 L2 D R2 D B U2 R' D2 B L' F' D2 U2 L D;2026-03-15 17:04:08;27.59
445;28.01;;D F U B2 R2 D' R2 D' B2 U' F R' D B' L2 U2 B F' R;2026-05-25 17:03:11;28.01
446;26.56;;L2 D2 F2 R2 B2 L2 D' L' B F' R' D2 L F2 D2 F' D F L;2026-04-11 17:16:03;26.56
447;26.69;;U R2 D B2 U' B L' D2 R' B2 L F U L2 D2 L R';2026-03-26 17:54:54;26.69
448;15.85;;U' F' L2 D L2 D' B2 F L' U2 L' D F L2 U2 L2 R2;2026-05-31 16:45:06;15.85
449;31.08;;R2 F' R F B D2 B' D B R' U' R2 U' R2 D2 B2 R2 L2;2026-03-15 16:57:06;31.08
450;26.22;;F2 R D' R B2 U D B2 L F' U2 L2 D2 B2 R2 F' L2 F' R2;2026-04-19 13:52:21;26.22
451;27.94;;R B' F2 R' F2 R F2 D2 L' F2 L2 D' R' U2 L2 F2 D F' U;2026-04-06 09:26:07;27.94
452;27.98;;R' F D F2 U R' F U2 L U2 F2 D2 R' F2 L U2 R B2 D B';2026-03-15 16:50:21;27.98
453;27.16;;L2 U' L F B2 U B' U' L2 F2 D2 B2 D2 B' L2 B' R U2;2026-04-17 09:33:28;27.16
454;21.76;;U2 D' F U F L' D L U' F' R2 L2 F2 L2 B2 U' D2 R2 F2;2026-04-06 09:12:05;21.76
455;25.23;;R' B D L2 F R2 D F R2 U' D R2 L2 D L2 U F R2;2026-05-30 17:25:51;25.23
456;26.91;;L' B' R2 D' B2 R2 F R' U' D' B2 D2 F2 L2 U2 L2 R U B;2026-03-17 10:51:13;26.91
457;27.67;;R' D R D B L' B U2 B' D2 R L2 D2 R2 L U2 D2 L U2;2026-03-15 13:57:15;27.67
458;20.52;;D' R F U2 B2 L2 D2 F2 L2 D2 B' R2 F2 R D' L' R' D2 U;2026-04-17 09:14:31;20.52
459;26.36;;D2 L D2 L2 F' B2 U' B L' F R' B2 L' D2 F2 R' B2 L';2026-03-27 09:12:18;26.36
460;23.94;;B' U L2 U' R2 D' U' F2 D' R F2 D B R' F2 D2 F L D';2026-05-30 17:33:12;23.94
461;25.49;;L2 D2 L' F' L' B2 L2 R' B2 U2 R D2 U' L' B' L2 D U2 F;2026-03-16 15:45:27;25.49
462;30.19;;B2 R' L' U' L U' R D B R' F D2 B D2 B R2 F' L2 F2;2026-03-14 17:58:53;30.19
463;22.74;;L2 D2 L R B2 U R' U F' L2 F2 R' B2 U B' F2;2026-04-17 08:59:20;22.74
464;22.23;;U2 R' F2 L' F2 R' F2 D2 L' U2 F2 R2 B L' D' F R D' F;2026-05-26 16:44:45;22.23
465;23.92;;U2 R2 B' F' L2 R2 B' U2 L B F2 D2 U R' F2 L' D2 B2 F;2026-03-15 17:25:45;23.92
466;26.78;;R2 D2 L2 D' L2 D' B2 D2 U' L' B D' U' R' D2 F R F' R2 D';2026-03-14 17:44:57;26.78
467;31.96;;U' R' U B2 D L2 D L2 B2 U2 R' F R' D2 L B D F2 R2;2026-03-17 11:08:13;31.96
468;27.91;;B2 F2 U' L2 F2 R2 U L' D' B F' R' U' L' D2 B' R F' L;2026-04-15 09:22:37;27.91
469;20.34;;B' R U' B' L' B' R U2 B D2 L2 U2 L U2 F2 L B2;2026-05-25 16:53:16;20.34
470;28.51;;B2 U2 L2 U2 F' L2 F U R2 D2 F' R2 D U R D R' D';2026-03-16 15:22:24;28.51
471;25.41;;R2 B F R2 F2 L2 U2 R2 B L U' R' B2 F D R' B2 L' F' D';2026-03-14 17:28:08;25.41
472;24.68;;F' L' F2 R2 L' D' B U' L' D2 F2 U2 B D2 L2 D2 R2 L D2;2026-04-12 17:03:56;24.68
473;32.78;;F' U B' U2 L' D2 R' D2 R D2 R' F2 R D' R U2 B D2 F2 U2;2026-03-18 19:41:07;32.78
474;22.34;;F2 B L' U L' D2 F' B2 L2 B2 D2 L2 D2 R L B' U2 L' F;2026-05-25 16:51:33;22.34
475;28.03;;B' R' U D2 F R2 U F2 U2 D R2 D F2 R2 U B2 R' D;2026-03-16 15:29:13;28.03
476;31.61;;R B2 R F2 R U2 L B' R2 D' B' L2 D' F2 L2 B' F2 R2;2026-03-14 17:16:24;31.61
477;19.51;;U2 R B2 L' F2 R2 D2 R U L U2 B D B' L' F2 R' F U';2026-04-12 16:56:18;19.51
478;31.76;;L U2 B F' R2 D2 R2 F U2 D F' L F2 U B2 R' F' L2 F2;2026-03-18 19:52:40;31.76
479;24.96;;U B2 D2 L2 F2 L2 B2 D' L2 U2 L2 U' R' B' L' B2 L D';2026-05-26 16:27:58;24.96
480;34.87;;U' B' F2 D B2 L2 D' U R2 D R D' U' B' F2 D2 F L R';2026-03-15 17:23:18;34.87
481;34.03;;U F L' F2 U' B R' B' R B2 D2 R' F2 B2 R F2 L2 F';2026-03-14 17:06:35;34.03
482;22.18;;R2 D B D' R2 B D' B L B' L2 F D2 R2 D2 F R2 F2 U2;2026-03-26 14:55:41;22.18
483;24.24;;F' L2 B2 R2 D2 R2 B D' U' L D2 U' R U' L2 D2 B' D';2026-04-12 16:48:51;24.24
484;27.67;;U2 R' B L' F' U F2 D R2 B2 F' D2 U' R' F2 L' F;2026-05-25 17:01:28;27.67
485;23.72;;D R D' U' R2 B2 U L2 F2 U R D' R' D2 B2 L B' R U2;2026-05-31 16:58:42;23.72
486;32.11;;F' B2 U' B2 R L' B L2 F' L2 U2 F2 U B2 U' F2 R2 D L2;2026-03-15 17:03:18;32.11
487;37.21;;U R2 D B2 D B2 L2 B' D2 L2 R' D B U' B' L' U' L2 U';2026-05-25 17:00:21;37.21
488;22.26;;F2 U F' R' B' R D' R2 F' L' B2 U2 L2 D2 F D2 F' D2 R;2026-04-11 17:14:58;22.26
489;19.19;;D L2 U2 R2 D U2 B R' B2 D' L B' D' L' B' D B' U';2026-03-26 17:55:37;19.19
490;24.47;;B2 D' R2 D2 L' U2 F2 L' U2 R2 F D2 B' D2 F2 D B' L2 U;2026-03-15 16:56:15;24.47
491;19.13;;F L2 U2 F2 D2 B2 F L D' L F2 R D2 F' L2 B D B';2026-04-19 13:50:09;19.13
492;28.86;;D2 L D B2 R' F2 L2 B2 D2 B2 R D' R B' U2 B D' R;2026-04-06 09:22:46;28.86
493;28.26;;B2 R2 U2 B' D2 B' R2 F2 U2 D' F2 L U R' U2 L2 B' U2 R B2;2026-05-28 12:06:20;28.26
494;28.31;;B U B' R U' R2 L F R' U2 R2 L2 F' R2 F' B R2 B R2;2026-03-17 11:03:23;28.31
495;26.62;;F' R' L D' F R' U D2 L2 F2 D2 F2 U2 L' U2 L B2 R;2026-03-15 16:49:34;26.62
496;31.53;;F' R' B L D2 R2 U D B' L' F2 D R2 F2 D2 R2 L2;2026-04-17 09:32:33;31.53
497;25.97;;D R' U' F2 R F2 U' L D2 L2 U' R2 F2 U R2 F L' F2;2026-04-06 09:10:56;25.97
498;26.12;;U' B2 R2 F U2 B R2 B D2 U' R2 B2 D F2 R' B2 R' D2 R2;2026-05-30 17:27:02;26.12
499;29.58;;L D L D' F' R F' U2 D B' R2 D2 L' F2 U2 L2 B2 D';2026-03-16 15:51:21;29.58
500;31.59;;F' D2 F' L' F U2 R U' F' R L U2 D2 R2 F' L2 F2 B;2026-03-15 13:56:25;31.59
501;23.73;;U2 F D2 L2 D2 B' R' B D2 B' U2 L2 F U2 L U R' D2;2026-05-30 17:36:18;23.73
502;30.51;;R D2 B2 U2 F R2 F2 D2 F2 U L D F2 U R' F2 U2 L';2026-03-27 09:09:55;30.51
503;28.69;;R' U' L F2 B U D R F' R' F2 B2 L D2 L F2 B2 D2 R' F;2026-03-16 15:44:40;28.69
504;34.88;;D' L2 F2 R' L' D' R F R2 D2 L2 F' L2 U2 F D' R' U B;2026-03-14 17:58:03;34.88
505;25.22;;F L2 U L' D L F B2 U B2 D L2 D B2 U' R' U L U;2026-04-17 08:58:14;25.22
506;22.18;;B' R' F' R2 U2 B' F' U2 L F L D' F' U' B' L F;2026-05-26 16:44:05;22.18
507;33.03;;F' L2 F B2 R U2 L U2 B2 F2 R' D' F D B2 L' B2 L';2026-03-15 17:26:37;33.03
508;33.99;;L2 U R B F2 L2 U' L2 D L2 B2 L D2 R B D' U2 R;2026-03-14 17:36:27;33.99
509;22.32;;F L D' F2 D L2 B2 D2 R2 D B R' D' U2 B L B' D2 R2;2026-04-12 17:10:47;22.32
510;35.12;;B L2 F2 D2 L D2 R' U2 L2 U' L' F R2 B2 L' D2 L2 D L2;2026-03-17 11:09:13;35.12
511;27.78;;R2 B' U2 B2 F' D2 B' D2 R' D L R2 B' F2 L2 F2 D2 U2 F2;2026-05-26 16:39:32;27.78
512;22.26;;U2 F' U L F2 R' F' R B R' L' B2 D R2 F2 L2 U2 B2 U;2026-03-16 15:23:14;22.26
513;32.85;;F R' F2 L' D2 R F2 R2 B2 F' D2 F D2 R D B F R' F;2026-03-14 17:27:15;32.85
514;21.22;;D F R2 U2 R' D2 R F2 L2 U2 B U F2 R' F2 L B' L2 U';2026-04-12 17:03:07;21.22
515;37.86;;R2 D' R2 D2 F2 L2 U2 L U' R2 U2 B L2 F' D2 F2 B L2 D R;2026-03-18 19:42:14;37.86
516;23.29;;D2 L' B U L2 B2 D L2 D' B2 R2 F' U' L' U' B2 D' B;2026-05-26 13:29:58;23.29
517;24.73;;L' F' L F2 R B2 L D2 B' R B' D' F2 U L R2 B2;2026-03-16 15:39:35;24.73
518;25.77;;F' D' F2 U' B' R' U2 R2 U R D2 L2 U D2 L2 D R2 B;2026-05-25 16:49:55;25.77
519;27.48;;D2 U' R2 B2 D B2 D' U' B' R B' D' B D2 L U2 L2 B L2;2026-04-12 16:55:43;27.48
520;25.12;;L U F' U2 L2 B D2 R2 B U2 R D R' U F2 D' R;2026-03-18 19:53:43;25.12
521;37.64;;R2 B2 L' D2 R2 B2 U R2 F2 U R2 D' F2 R F R B' U R';2026-03-15 17:22:23;37.64
522;28.50;;F2 D R2 F2 R2 B2 U2 F R' U R2 B2 R D L2 U2 B L' B';2026-03-14 17:07:33;28.50
523;30.63;;U2 F' B U2 F2 D R' L' F R' D2 F R2 F B2 L2 U2 B2;2026-04-12 16:48:02;30.63
524;32.34;;L2 B' L B' D2 U' R2 D2 R2 B2 U L2 F' D' F2 D' U2 L';2026-03-26 14:57:55;32.34
525;29.12;;L' D' F' D2 B2 F' R2 U2 L2 F' L D' R' B D2 L' F R2;2026-05-25 17:02:21;29.12
526;19.13;;D' F L' D2 F' D2 R2 U2 B2 L2 F2 L2 F2 L D L2 D F D R;2026-05-31 16:57:50;19.13
527;32.81;;D U2 R2 D F2 R2 F2 R' F D U' R D F2 D2 L' F' R2 D';2026-03-15 17:02:17;32.81
528;23.31;;L' B2 D2 L2 F2 U2 L R2 B2 D' B D' R2 F' U2 B2 R' U';2026-05-25 16:59:17;23.31
529;30.29;;D' B R2 B2 L D' L B' R U2 R2 B' U2 F' B U2 D2 L2 D2 U;2026-04-11 17:14:07;30.29
530;25.92;;D' F U' R' F' L2 B' R2 U2 B R2 F L' R D' B' D F2;2026-03-26 17:56:52;25.92
531;22.84;;B' R2 F L2 R2 B2 L2 U B2 F L' F' R B' U2 B2 D B F2;2026-05-31 16:42:25;22.84
532;28.95;;F L' D' B2 R2 D' F2 U' B2 D' R2 U B D' R F U' F2 R' U';2026-03-15 16:55:23;28.95
533;21.56;;D R' U' L B2 L2 F2 D2 F2 D F2 R' B F U' R' F D' B;2026-04-19 13:49:31;21.56
534;29.88;;F U' L2 F2 D2 R' D' R2 F' B2 L U2 L2 D2 R2 B U2 R2 F';2026-04-06 09:21:38;29.88
535;25.71;;D' B2 R U D2 R L2 D2 B' R' U2 L U2 B2 D2 B2 R2 F2 B2 U;2026-05-25 16:56:50;25.71
536;18.76;;U2 B2 D' B L F2 R D2 R' D2 R2 U F2 U' R' B L' B';2026-03-17 10:56:11;18.76
537;31.21;;U' R' B' U' R B R L D B' R' F2 R2 U2 R' F2 D2 L B';2026-03-15 16:48:49;31.21
538;21.08;;U B2 F D L2 U L2 F U' F R' F' L2 F2 D2 R;2026-04-17 09:31:41;21.08
539;25.68;;F U F2 U2 F U2 R2 D2 B' R B R' D R' D' B2 L' F';2026-04-06 09:09:49;25.68
540;20.96;;F2 L2 D U2 B2 D' U2 B' D2 B2 F' R2 B2 U' F2 L B F' L2;2026-05-30 17:27:48;20.96
541;25.74;;R2 B U2 F2 L U2 R F2 L R U2 L' D' B U2 R D2 U' R B;2026-03-16 15:50:32;25.74
542;23.96;;R2 B2 R2 B' L2 U2 L2 B' F' R2 D' R' B D B2 D2 B D2 R2 D';2026-03-15 13:55:22;23.96
543;28.19;;R2 U' F L2 B2 U' F2 D2 L2 D2 R' U B L D2 F2 R U2 B';2026-04-17 09:13:25;28.19
544;39.66;;L' B D R' U' D2 B U2 R2 U2 B2 R2 L B2 R' B R' B' L';2026-03-27 09:09:03;39.66
545;19.50;;F B2 D B2 D B2 D2 R2 B2 R' B L' F' D2 U R U' R2 U';2026-05-30 17:34:42;19.50
546;34.21;;B2 L' B L' B' R2 B2 U L2 B2 R2 D' R' U B F R D F;2026-03-14 17:57:03;34.21
547;28.24;;U' B' U' F R B2 L F R2 F' U2 R2 F B2 L B D2 R2;2026-04-15 09:30:54;28.24
548;27.27;;R2 F2 D R2 U' F2 D' U2 L' U2 R B D B' R2 B L D R';2026-05-25 16:54:52;27.27
549;28.53;;U2 B L' B D' R L F' D2 F2 L2 U2 F' D2 L2 D2 F2 D' B U';2026-03-15 17:27:30;28.53
550;32.96;;L' U2 B' L' B D' F' L R2 F2 U2 F2 D2 R2 F R2 F2 R U2;2026-03-14 17:35:16;32.96
551;20.36;;D L U2 R2 B' L' B' D2 B' F2 L2 D F2 L2 F2 D2 R';2026-04-12 17:09:56;20.36
552;27.04;;F D B D2 L2 D2 R D2 F' U L' U2 D2 B2 D' R2 B2;2026-03-17 11:09:57;27.04
553;19.78;;L B U2 B2 D2 L' U B2 R2 F2 B2 R' U2 R' L D B D L;2026-05-26 16:38:37;19.78
554;27.37;;U' F2 R F L2 B2 R2 D2 L' U2 R B2 U B' D F L2 F U';2026-03-16 15:24:03;27.37
555;24.79;;R' D' L B' R L2 U L2 U F2 U2 B L' B F2 D L U;2026-03-14 17:26:16;24.79
556;27.48;;R' U' L B L2 D2 U2 F R2 B' U2 R' U' B2 D' F' D2 R2 F;2026-04-12 17:02:23;27.48
557;33.46;;R' B2 U' L' U' R2 D B2 U2 B2 U F' D2 F' D' R2 U2 L2;2026-03-18 19:46:08;33.46
558;23.14;;R D2 U2 R' U2 F2 D2 B' L' B F' D' U' R' U2 R' B';2026-05-26 16:34:03;23.14
559;27.88;;D' F B' L F2 B2 U F2 L' U2 D2 F2 R U2 D2 R' L2 F' L;2026-03-16 15:40:27;27.88
560;20.49;;L' U' L2 U2 B' F' U2 L2 F' L2 R2 F2 U R2 D' B' U' L F2 U2;2026-05-26 16:27:03;20.49
561;25.39;;F' R2 F' R2 U2 R' B2 D2 R' U2 B' L B2 L2 R U' B;2026-04-12 16:54:47;25.39
562;32.84;;R U' F2 L2 D2 F2 L' U' L2 F D B2 F' D B U' F2;2026-03-18 19:54:45;32.84
563;21.42;;L2 B2 U L2 D' U' R2 F' U' F' L' F D' L2 F2 L D L' F;2026-05-31 17:04:39;21.42
564;25.46;;F2 L B R' F' D2 R2 U2 F R2 D L R B F' U2 F';2026-03-15 17:10:01;25.46
565;27.05;;F U L2 F2 D' B L F2 U D2 F' L2 B R2 L2 B' L' F;2026-03-14 17:11:28;27.05
566;24.78;;L' U2 L2 F D2 F' L2 U2 L2 B2 U2 D' R2 F' L F2 U F' U2;2026-04-12 16:47:04;24.78
567;30.24;;R2 D2 F2 D R2 D2 F' L' U B' L2 F L R U' L2 R U';2026-03-26 14:58:46;30.24
568;26.49;;R' U2 B' U2 L2 D' U2 L2 F2 D' F2 U L R' U L2 U' L' F2;2026-05-26 13:23:29;26.49
569;36.50;;F2 R2 B2 U B2 L2 D' U B' F' L' D F' R D B' L B' L;2026-05-31 16:57:03;36.50
570;29.84;;U' F2 L' B2 F2 D2 L U2 R' F U' B R2 U L' D B2 U B;2026-03-15 17:01:20;29.84
571;41.11;;L2 R2 F2 D2 U B2 R' B F D U' B U L' U2 R2 D2 B;2026-03-14 17:15:28;41.11
572;22.61;;L B L2 D2 F2 D' U2 B2 U2 L2 F' U2 L B2 L' R B R' B';2026-04-11 17:13:15;22.61
573;30.72;;B2 L' U' L2 D2 R2 D' B2 D' U2 F' D2 B2 R F' U' L R B;2026-03-26 17:57:43;30.72
574;25.29;;R' D2 B R F' D2 B2 L' F2 R2 U2 D L2 U2 F' R F;2026-05-25 16:48:15;25.29
575;19.00;;U L' F2 B' U2 B' R L2 B' U2 R2 F2 U2 F L2 B2 U R D;2026-05-31 16:41:25;19.00
576;33.52;;U' R' D2 L D2 F2 L' U2 R F2 R B' L F R' U' L2 F D2;2026-03-15 16:54:32;33.52
577;21.28;;L' D2 R2 F U2 R2 F2 L' F2 D2 U2 L' D' R B' F2 R B2 D;2026-04-19 13:48:44;21.28
578;23.71;;B L' B U R' U' F D R' L D' L2 B2 R2 D2 R2 U' D2 L';2026-04-06 09:19:28;23.71
579;23.72;;L F' R D2 U2 L B2 D2 L' U2 F' U' B2 R2 D R' F' R2;2026-05-30 17:37:07;23.72
580;25.50;;D' B2 U' D2 R2 B R2 F R2 F2 D2 L' B F D2 R' B' D' U';2026-03-17 10:55:29;25.50
581;30.89;;B D2 F' L2 U2 F' R2 L' B2 L2 U' R' B' L' F' D';2026-03-15 16:47:56;30.89
582;21.09;;F' U L' D' U2 L2 U2 R2 B2 U' B R D F2 R U' B;2026-04-17 09:30:56;21.09
583;29.88;;R2 B U D2 L F U B' L2 B' D2 F2 L2 D2 B2 U L' B2 R';2026-03-27 09:21:28;29.88
584;23.64;;R D' R' B' U2 F' R' D2 F2 D2 L2 B2 R2 U L B2 D F;2026-05-30 17:28:42;23.64
585;24.99;;U2 F L D2 U B2 D2 U B2 F' U2 R' D2 R2 D R B R;2026-03-16 15:49:44;24.99
586;27.34;;B F' R2 B' D2 R2 B' U' L2 D' R' U2 L D U' R' U B2;2026-03-15 13:54:35;27.34
587;25.04;;B2 D2 B' D2 F R2 F2 D B' F2 R2 F2 U' L2 B L' R2 B;2026-04-17 09:12:05;25.04
588;22.98;;R2 F2 L2 F' R2 F2 R2 D2 R U2 F' L F2 L2 B' U R' B' L2;2026-03-27 09:07:56;22.98
589;24.70;;B L2 D' U R2 B2 D' R2 B2 R B' F' R' D' B R2 B;2026-05-31 16:38:43;24.70
590;28.88;;L' B2 F2 L2 U' R2 D2 L2 U' F2 B' D2 F' L' F2 L U' L2 D';2026-03-14 17:49:27;28.88
591;26.82;;D2 B2 D2 L2 B L2 F' D2 L2 U' F' U' L2 D' R U L' D L2;2026-04-15 09:29:55;26.82
592;22.06;;B' L B' D' L' U L F R F L' U2 F2 U2 R2 F2 R B2;2026-05-26 16:43:23;22.06
593;35.86;;L' B2 U2 L F2 R' B2 L U R2 F U B2 L B2 U R2 F' L';2026-03-15 17:28:26;35.86
594;31.48;;D' F2 R2 D' B2 R' F D B2 L D2 R B2 L U2 B2 L2 U R2;2026-03-14 17:34:15;31.48
595;24.13;;D F2 R2 U R2 D2 F R' U' L' R D' B' L F2 R2 D' U;2026-04-12 17:09:13;24.13
596;30.47;;D R' D2 F B2 U2 D' F U' F2 U' B2 U' R2 U2 F2 L2 R F2;2026-03-17 11:10:55;30.47
597;28.36;;B' L2 D2 F R' F2 L B L2 U2 F U2 F2 R2 F' D2 F2 R' U;2026-05-25 16:52:29;28.36
598;23.76;;L2 U2 B' R2 D2 F R2 U2 L2 B2 U L2 D' R' B' F U B' R;2026-03-16 15:24:44;23.76
599;35.16;;B D R2 B R' U F' L' R2 F D2 F2 U2 R2 F R2 D B R';2026-03-14 17:24:08;35.16
600;26.68;;B' D2 U2 F' L2 D2 B F L2 R F U' R' U' L F2 L2 B F2;2026-04-12 17:01:29;26.68
601;24.98;;D' B2 D' L2 U2 R U R' D2 B' L F2 R' D L' U' R2;2026-03-18 19:46:55;24.98
602;29.14;;L2 F B' D2 B2 R' U B R2 B' D2 R2 F2 D2 L2 B U' L2 U2;2026-05-26 16:33:21;29.14
603;36.93;;F R2 U F' D F2 R' D F2 D2 F2 U2 R2 B2 U' B' L B2 R2;2026-03-16 15:41:25;36.93
604;19.64;;F' U' L' F' L2 U R U' R' B R2 B2 U2 F' U2 R2 F' D2 L2;2026-05-25 16:48:59;19.64
605;29.09;;B' R' D2 B R2 F U F R' U R2 L D2 R D2 F2 L U2;2026-03-26 14:51:10;29.09
606;25.20;;U' F2 L' B' L D2 F' U D2 L2 D2 L2 B2 R2 F2 L' F2 B2 D;2026-04-12 16:52:54;25.20
607;26.49;;U L2 B L R2 D' L2 R2 D' F2 L' R F' D' R2 B' F D';2026-05-31 17:02:53;26.49
608;36.54;;U' B' L' D' R D R2 B2 D' R2 D2 L2 F U' F R F2 D F;2026-03-15 17:09:15;36.54
609;26.99;;D2 F R2 D2 B' R D' F' B2 D' U2 F2 R2 F2 R L2 F2 B2;2026-03-14 17:12:28;26.99
610;28.63;;U' B2 R D2 B2 F2 R2 U L2 U2 F2 R U R F' D L' B R2;2026-04-11 17:19:49;28.63
611;24.62;;F' R' D2 F L' D' B D R2 U' F2 L2 U' B2 L2 D2 L D';2026-03-26 17:51:37;24.62
612;28.57;;U2 B' R U L' F' U' F2 B2 L2 D2 F' L2 D2 F2 D2 R U F2 R';2026-05-26 13:22:28;28.57
613;22.90;;B2 F2 U B2 F2 L2 D' U F' L' R B' L U L' B D' U' B;2026-05-31 16:55:53;22.90
614;26.03;;F2 D' F' D' R F L' F' B' U2 R' B' D2 B D2 B2 D2 B2;2026-03-15 17:00:24;26.03
615;20.24;;B2 F2 D' U' R2 D R2 L' B' F' R2 D L' R2 U2 L' F' R' F';2026-05-25 16:47:10;20.24
616;21.71;;F U2 L2 F2 R2 F L2 B' R2 D2 F' L U F' R U2 R2 B R' F';2026-04-11 17:12:24;21.71
617;22.24;;D2 L2 F2 L2 F2 D U F2 R U' B2 D' L2 F' R U B D' U;2026-03-26 17:58:47;22.24
618;24.68;;F' D2 L' U' B R B' U L2 U' F L' U2 D2 R U2 R2 U2 F2;2026-05-31 16:40:41;24.68
619;25.56;;F2 U B2 F2 D' U' F' R' U' F L' F' R' B' U2 F2 R D';2026-03-15 16:53:32;25.56
620;25.59;;B' L2 B U F U' L D' L2 B2 R F2 L' U2 D2 L B' L' B';2026-04-19 13:48:00;25.59
621;21.08;;L2 B U F2 D2 U2 R2 F2 U B2 F' U B' L' F' D' F U B;2026-04-06 09:18:17;21.08
622;31.24;;B2 R B2 F2 U2 R2 B2 F2 R' F' U' B' U2 F L2 R U2 B' U';2026-05-25 16:55:49;31.24
623;28.69;;F2 D B' D' R2 D' L D' L2 F2 U2 F2 D2 F U2 R U L';2026-03-17 10:54:45;28.69
624;26.82;;L U2 D2 L B' U' D B L D' R2 F2 L2 D2 R' F2 D2 L' D;2026-03-15 16:46:45;26.82
625;26.12;;B U B' L2 D2 R2 B2 U2 B R2 F' D B D2 L B D U R';2026-04-17 09:30:16;26.12
626;28.00;;D' F L' U' B D2 F2 D B L' B2 R2 U2 R2 U2 B2 R D';2026-03-27 09:20:23;28.00
627;30.06;;F2 R2 B D2 B U2 F D2 U2 B2 U R' B R2 F' U B U2 L' B2;2026-05-30 17:29:39;30.06
628;28.76;;D' F2 B U' R U' L' F U R' F2 D2 B' L2 F' R2 F' R2 F2 D2;2026-03-16 15:48:58;28.76
629;27.64;;D F D' L D' F' L' R2 D2 L2 F2 D F2 D2 R2 F2 D F' L2;2026-03-15 13:53:49;27.64
630;22.11;;D L2 D' U2 B2 U2 L D U B' D2 F' D' B2 L2 B' U' F;2026-04-17 09:11:16;22.11
631;30.02;;B' R' F2 L F' B2 D L2 F' U2 F' R2 L2 F' L' D' L' U';2026-03-27 09:06:56;30.02
632;21.94;;U2 R2 B2 R2 D' B2 F D B' U R F R2 U2 B2 F2 D R2;2026-05-30 17:35:26;21.94
633;28.57;;U2 L2 U F2 R2 D L B2 R2 D F D L' D' F D' B' D;2026-03-14 17:48:34;28.57
634;20.24;;D U2 R2 D F2 D2 R' B' R2 D2 B F D' R2 F2 L2 F R;2026-04-15 09:27:21;20.24
635;27.41;;L' U B2 L F2 D2 L' D2 F2 L F' D2 L' F2 U2 L' U L';2026-03-17 11:05:08;27.41
636;19.24;;U F D' R2 U2 L' F2 U2 R B2 R F D2 F' L' D U L' R;2026-05-25 16:53:59;19.24
637;37.62;;D U2 L2 D2 F U2 B' U2 F2 R' B2 D B' L' B U F L B;2026-03-15 17:29:29;37.62
638;33.62;;U' L' F' B' U' R2 U' B2 L' R2 B2 D2 B' D2 F' D2 L2 U2 R2 F;2026-03-14 17:33:14;33.62
639;21.64;;L F' R2 B' F2 U2 F2 D2 L' B2 D' L' B2 L' D2 L' R B';2026-04-12 17:08:23;21.64
640;29.66;;F R L B D2 B R' U D2 F2 R2 D' L2 U D F2 R D';2026-03-17 11:11:51;29.66
641;26.61;;R' B R2 B2 L2 D2 L2 D2 F2 D' R' D' R2 U2 R B' L' D' U;2026-05-26 16:37:56;26.61
642;25.29;;F' U' L' R2 U2 R2 U2 F2 D L U' B L R U' L R B';2026-03-16 15:25:29;25.29
643;31.49;;L2 B2 R2 U R2 D2 B2 F2 R B' L' D' F R D F2 D' R2 B2;2026-03-14 17:23:08;31.49
644;23.21;;L2 B R2 U2 R2 U B2 U2 R2 D F' L R F' R2 U2 F R D2;2026-04-12 17:00:42;23.21
645;30.12;;F2 D R' L2 B L2 F L2 F' R D R2 D L2 F' L R2;2026-03-18 19:47:49;30.12
646;25.41;;L' D2 R U2 R B2 D2 L' U B2 L2 D' B' R D' B' R2 U F2;2026-05-25 16:50:46;25.41
647;25.14;;L B' L' D F2 D2 R2 U' F2 R2 U' B2 F R B2 L2 R' U;2026-03-16 15:42:12;25.14
648;25.47;;R2 U B D2 L2 B' R2 U2 F R2 F' D' B' L B2 U' L' R U';2026-05-26 13:29:17;25.47
649;25.66;;B L2 F' R B2 L B2 R D2 B2 R' B2 R B D' U L' B R U2;2026-04-12 16:52:04;25.66
650;28.58;;U B2 F D2 R F2 D2 L2 U2 R B L' U F L F' L R2 F;2026-03-26 14:51:59;28.58
651;25.99;;R L2 B2 R' D R L U R D' R2 U F2 B2 D2 R2 F' L;2026-05-31 17:02:09;25.99
652;30.84;;L B U B2 R2 D' L2 U' R2 D' B2 D2 F2 L R D B R2 B2 R;2026-03-15 17:08:15;30.84
653;29.65;;U' R2 D B U2 F2 R2 D B2 R F2 D2 L F2 R' U2 L' U B2;2026-03-14 17:13:29;29.65
654;19.09;;D' B R F2 U2 B' F2 D2 F' L2 U' B2 R U L B D B;2026-04-11 17:18:59;19.09
655;22.63;;L2 R U B2 U F2 U' B2 U' B2 U R B D2 R' U F' L2;2026-03-26 17:52:22;22.63
656;31.79;;L2 U F2 L U2 R D F2 D' B D2 B2 D R2 U2 B2 L2 F';2026-05-26 13:21:10;31.79
657;21.52;;R U2 F R L D' L' F2 L' D' F B2 L2 F2 B2 L U2;2026-05-31 16:55:11;21.52
658;22.91;;U' R' U' F2 R2 B2 L2 B U2 R2 D2 L U' F U2 R B2 U2 F';2026-03-15 16:59:39;22.91
659;23.72;;U' L' F' D2 U2 L' B2 D2 L R2 F2 R' F2 D' L' D U L B;2026-04-19 13:56:07;23.72
660;25.51;;U' F D F2 U2 B2 D2 L D2 F2 R' U2 D F' R2 D' B' U2 F2;2026-04-11 17:11:24;25.51
661;25.94;;F2 L' F' B' L D' R' D U2 B' D2 L2 F' B2 D2 F' U F2 L';2026-03-26 17:59:32;25.94
662;22.52;;D' L2 B2 R' B2 R' U2 R B2 F2 L' R F D' L2 U R2 F' L;2026-05-31 16:39:45;22.52
663;22.44;;U2 L' U2 F B L F2 B D2 B2 R2 U' F2 B2 D' R2 D R2 D' R2;2026-03-15 16:52:49;22.44
664;25.26;;B' D R2 F2 R2 F2 D B2 U L R' F' D' U B' U' L B2 F2;2026-04-19 13:47:07;25.26
665;27.26;;R D2 B R2 D2 B2 D' L' B2 D2 R F2 U2 F2 U2 R D2 F' U';2026-04-06 09:15:10;27.26
666;24.29;;R' U F2 D B2 F2 D2 R' D2 B2 F' D L' R2 F2 L2 R' B;2026-05-28 12:07:04;24.29
667;24.24;;L D2 R2 B2 U' F2 L' F2 B' D F B2 R F2 R L' D2 B2;2026-03-17 10:53:57;24.24
668;28.86;;B U' B2 L' B2 L' U2 R F2 U2 B' U B' U2 L2 F U' L D;2026-03-15 16:44:31;28.86
669;23.34;;U B' U F' L F U' L2 U F2 L D B2 U R2 D' R2 B2 D2;2026-04-17 09:29:02;23.34
670;24.56;;D L B' D' B2 L' U R' L' D' R2 B2 U2 B2 R2 U R2 D2;2026-03-27 09:17:00;24.56
671;20.54;;F' U B R2 U B L' B2 D2 F L2 U2 R2 D2 B' U2 B U';2026-05-30 17:30:24;20.54
672;35.54;;L' B F2 D2 U2 F' U2 R2 D' R2 B' L' U R2 F2 U L R';2026-03-16 15:48:10;35.54
673;23.74;;D' B L2 D B' L' D R B' R2 F2 B R2 U2 D2 B2 D F';2026-03-15 13:52:54;23.74
674;26.17;;F' U' B U2 R2 F2 R2 D' U' B' F R' B' L' R F' D';2026-04-17 09:09:50;26.17
675;22.68;;L' B' L2 D' R F U' F' B' L2 B L2 U2 R2 F2 R2 U' L2 F;2026-05-30 17:33:59;22.68
676;26.24;;F R D' B R D2 F2 R2 F2 R U2 L' B D2 U L' D' R U';2026-03-14 17:47:45;26.24
677;24.92;;F R F D2 B L2 B2 F R2 U L R' B' R2 F U L U2;2026-04-15 09:26:06;24.92
678;21.69;;R F U B2 U' R2 B2 D B2 L' D' F D F' R D U R;2026-03-17 11:05:50;21.69
679;19.28;;L R2 U2 R U2 R' B2 F' D' R' D2 B U' F' R F2 L R2;2026-05-26 16:42:41;19.28
680;20.06;;L B2 R2 D' F L U' D F2 L2 B D2 F' L2 B2 U2 B U;2026-03-16 15:19:54;20.06
681;25.54;;U2 L R D2 L D2 B2 L2 B' U' R U2 L' F' D' L' F L R2;2026-03-14 17:32:07;25.54
682;26.82;;U L' F2 L2 D' F2 B2 L B L F2 U2 F2 D2 F2 L' B' R';2026-03-17 11:12:37;26.82
683;22.93;;B R D' B' F R2 F' U2 R2 B' D L' D F2 D' F' L' U2;2026-04-12 17:07:37;22.93
684;23.16;;L2 U2 R2 F2 U F2 U' B' U' F' D F2 D2 R D' R' D2 L' D;2026-05-26 16:36:26;23.16
685;32.79;;U2 R F2 U L2 R2 D U' F' D F2 R2 B R' B2 U' R2 F;2026-03-16 15:26:31;32.79
686;22.81;;L2 F2 U2 B2 D R2 F2 R U' B U2 B' F L' D R2 U F' U;2026-03-14 17:19:16;22.81
687;25.54;;L' U' D L2 U B U' R2 D B' F2 U2 L' B2 R2 U2 B2 D2 L' B;2026-04-12 16:58:55;25.54
688;28.38;;D2 R F2 U2 F2 L R' U L2 B R2 U F R F' D2 B R2;2026-03-18 19:48:43;28.38
689;27.84;;L' B2 F2 L' U2 R' U2 R B2 L F2 D2 F' D2 L' R D' R2 U' R';2026-05-26 16:32:29;27.84
690;27.85;;L U2 D2 R2 U' B' U R U2 F2 B2 L F2 R' D2 R2 D' R2 B';2026-03-16 15:43:51;27.85
691;22.66;;B2 D' F' D U' L2 U F2 L2 D B2 U' B R B2 F' U R' B';2026-05-26 13:28:26;22.66
692;25.88;;L D' F2 L2 F' R2 L B L D' B U2 B' D2 L2 F L2;2026-04-12 16:51:17;25.88
693;22.61;;R B' R' D' R' B2 R2 D2 L' U' D B2 U' R2 D F' L2;2026-03-26 14:52:40;22.61
694;24.84;;U' F2 D' L2 U F2 R2 B F' D2 L B F U L F2 L B2 U';2026-05-31 17:00:57;24.84
695;DNF(30.38);;L D F' L F2 U2 L2 B' D' R F R2 F' L2 F' L2 F' R2 B2;2026-03-15 17:05:49;30.38
696;28.14;;R' U R D' R' F B U' D B' L2 B2 U2 F2 U2 B' L;2026-03-14 17:14:24;28.14
697;28.93;;B' R D R' D' L2 U' F2 D' F2 L2 B' L' R' F2 D' F U';2026-03-26 17:53:26;28.93
698;21.07;;D' B L U' B' U D' L F2 D L D2 R L' B2 U2 R2 F;2026-04-11 17:18:13;21.07
699;29.89;;L2 F R2 B R2 U2 R2 B' F2 D' F L2 D F' L' D B U' R';2026-05-25 17:04:47;29.89
700;28.17;;U2 F' B2 L R2 B2 L2 D2 R' U2 D B2 L U2 B2 R F' L2;2026-05-31 16:54:27;28.17
701;35.91;;U' B2 D2 R2 F2 D2 B D2 U2 B R' D2 L D2 F' L' R' D' R F2;2026-03-15 16:58:56;35.91
702;29.37;;D R U2 F2 U2 L' D2 R' F2 L' D' R2 F U R' D2 U2 R2 B F;2026-04-19 13:54:04;29.37
703;37.51;;F2 R2 B2 L' B2 D2 U2 L' F2 L F2 B' D' B2 F2 L D R' U;2026-04-11 17:10:30;37.51
704;27.69;;U2 R2 D2 L2 F U2 R2 F2 L U2 B' F2 U B2 D U2 L2 B;2026-03-27 09:05:04;27.69
705;28.77;;U' F2 L' B2 R2 U2 R2 D' R2 D' F2 U B' D' R' B F U' F';2026-03-15 16:52:06;28.77
706;31.61;;R B D' L2 F R' D2 R' U R L U2 R' B2 U2 R' D2 R2 B';2026-04-19 13:46:12;31.61
707;23.86;;U' F2 L2 U F2 D B U2 B R' F2 D F L2 F U2 F2 R2;2026-04-06 09:14:12;23.86
708;28.72;;F' D2 F2 D' R2 B2 D' L2 B2 D' R' D2 F' D2 B' L2 B2 U' L2;2026-05-28 12:08:05;28.72
709;30.01;;U2 D2 R B' L F U' L' R2 B2 U R2 U2 F2 D R2 B D L;2026-03-17 10:53:10;30.01
710;26.59;;L2 D2 U2 B2 U' L2 U B' R U2 B' R U L D' F R2 B2;2026-03-15 13:59:19;26.59
711;23.04;;U R F' R' L D F' R U' R L2 U2 D2 R U2 R' L' B U';2026-04-17 09:28:11;23.04
712;27.83;;D F D2 U2 R2 U2 B U2 F D2 B U' B2 D' B L' D L B2;2026-03-27 09:13:59;27.83
713;23.84;;R2 U2 L' B L U F U2 B U2 B L2 U2 D2 B R2 B2 U B2;2026-05-30 17:31:14;23.84
714;27.51;;U' R' B L R2 U F2 D' U' L2 B2 F U' L' R F2 R D' F';2026-03-16 15:47:11;27.51
715;29.51;;R U' B' R2 F' L2 U B2 F2 D2 U' F L U' R U' R2;2026-03-15 13:50:57;29.51
716;23.51;;R B2 R' B2 U' B2 D2 U B2 L2 U2 F' U' L D L2 U2 R D;2026-04-17 09:05:34;23.51
717;22.99;;F' B2 D2 R2 U R2 B2 R2 B2 D' F2 R' U' B' U B2 F2 R B R';2026-05-28 12:05:23;22.99
718;28.31;;R2 B2 U' D2 R U R' L' U2 B' U' D B2 D' F2 B2 U L2 F';2026-03-17 11:04:14;28.31
719;33.32;;U' B2 D B2 F2 U2 B' D' F2 R U R D F' U L' D' B;2026-03-14 17:46:53;33.32
720;20.39;;B2 D U2 R2 F U2 F D2 B' L2 B2 D2 L D' U' B' L' D' R D;2026-04-15 09:25:06;20.39
721;29.02;;R2 D2 F2 R2 U' B2 L2 U2 R2 D R' B F2 L' F' L F' R D L';2026-06-02 14:55:24;29.02
722;27.22;;U' B2 L2 B U' F R2 F' L' D F R' L' U2 L' F2 R' B2 D2;2026-06-02 14:57:15;27.22
723;23.74;;U L D' R' D2 L' U F' R' L2 B2 U2 F B' R F2;2026-06-03 15:53:14;23.74
724;33.85;;R D2 R2 F2 L' B2 U2 L' R' B2 F' L2 B' L R F D U' F' D';2026-06-03 15:54:16;33.85
725;22.24;;D R2 B L' F' B' D' L2 B U R2 B2 L2 D2 R2 B R2 F2 B' R2;2026-06-03 15:55:01;22.24
726;23.89;;B2 R2 F2 R U2 L B2 L' R' U L' D' R2 D2 B R' F' L' D;2026-06-03 15:55:45;23.89
727;22.30;;F U R B2 L B2 U2 B2 L R' F L' B' U' R D2 U2 L U2;2026-06-03 15:56:29;22.30
728;19.50;;U2 R' L2 D B2 L' B2 U B' U F2 L2 B2 U L2 U2 R2 F2 D2;2026-06-03 15:57:08;19.50
729;21.73;;R2 B2 D' F2 D' R2 D' B L U' B2 R2 B' R2 U' R F' L U2;2026-06-03 15:57:49;21.73
730;21.27;;U' F L' U2 R U2 L2 F2 U2 B D U2 B' U F' D' B R2;2026-06-03 15:58:35;21.27
731;20.52;;R B2 R2 B D' L D' F R2 D B D2 R2 F2 U2 D R2 F2 D' L2;2026-06-03 15:59:17;20.52
732;21.31;;F2 L2 R2 U' B2 D2 B2 R D' B2 D' F U' R' D' R2 B' D U;2026-06-03 15:59:56;21.31
733;26.77;;F2 R2 F U' R' L' B2 U' R' D2 R B L2 F2 L2 U2 B R2;2026-06-03 18:02:44;26.77
734;23.99;;L B U2 L2 B2 R' B2 U2 R2 F D B F2 D2 U' R U2 L;2026-06-03 18:03:32;23.99
735;23.24;;F' R' F L2 D2 B L2 B R2 F' R' F' L' U2 L' U' L2 B' L;2026-06-03 18:05:00;23.24
736;27.72;;L U L' U' D2 F U' D2 L' U R' F2 B2 R' U2 D2 B2 D2 R';2026-06-03 18:06:00;27.72
737;19.77;;B2 D B R' F2 B R' U D F2 D' R2 U R2 B2 U R U' L';2026-06-03 18:06:45;19.77
738;23.05;;U L2 U' F B2 L' F' R2 B R2 F U2 R2 U2 L F2 R';2026-06-03 18:08:14;23.05
739;21.53;;L2 U2 R D2 R B2 R F2 R' U2 D' R' U R' D F' D' B D' L';2026-06-03 18:09:48;21.53
740;26.60;;F L' U2 R2 D2 B2 L F2 U2 F' D' L' U2 L U L' R' D';2026-06-03 18:11:02;26.60
741;20.10;;R U R2 L D' L D2 R2 D' R2 B2 U2 B L2 F U2 R2 B2 R';2026-06-03 18:11:50;20.10
742;25.85;;B2 U' D F' R' F2 U' F U2 F R2 F L2 B2 U2 R' B' U';2026-06-03 18:12:33;25.85
743;20.86;;L2 U' R2 D2 L2 D B2 U L' D2 F2 L' B' F' D2 F' L D;2026-06-03 18:13:13;20.86
744;32.33;;L2 D' R2 F2 U R2 F2 L2 F' L2 R' F L R F' L2 U R' B';2026-06-03 18:15:11;32.33
745;23.38;;F' U' R2 B F2 U2 F L2 F' D2 L' B' F2 U L U' L R;2026-06-03 18:16:12;23.38
746;21.62;;U F2 U2 R B' D2 R L' D' F' L2 F R2 B2 D2 F' D2 R2 U2;2026-06-03 18:17:09;21.62
747;26.15;;F2 R F2 R' F2 D2 R' B2 F2 R B' D' R' B2 D2 R F D R' F';2026-06-03 18:17:55;26.15
748;24.29;;F2 D2 R2 U2 L' R2 F2 R2 D' L' U' B' L B D2 R F2 D';2026-06-03 18:18:41;24.29
749;22.19;;B' L2 R2 B' R2 B U2 F' R' U2 B U' F D' F' R' D' U R2;2026-06-03 18:19:21;22.19
750;20.65;;L' D L2 B L' U2 L U F2 U D' B2 D' R2 U2 L' F R2 U';2026-06-03 18:19:58;20.65
751;24.77;;D2 L' B2 U2 L' F2 R' B2 U' B' L R' D L2 D F' L2 F2 D;2026-06-03 18:20:49;24.77
752;24.30;;L U2 L2 F L2 U2 B' D2 U2 F U F2 L' D F2 L2 D2 U L;2026-06-03 18:21:40;24.30
753;25.71;;F2 U' D' F2 R B' R2 B2 R2 D2 F2 U2 D B' D F';2026-06-03 18:22:36;25.71
754;22.47;;D2 F U' L U R2 B' U2 L U B2 D2 F2 L' F2 L' D2 R2 L F2;2026-06-03 18:23:19;22.47
755;22.94;;L' F D2 R2 F R2 F' D2 B2 R2 L' D2 R B' D U2 F' L D;2026-06-03 18:24:20;22.94
756;25.89;;F2 R2 B' F2 D2 R2 D2 R F' L R2 B' U' L' D' L R U' R';2026-06-03 18:25:09;25.89
757;27.37;;R B R B2 D' B2 U' B D2 F' L' D B2 L2 U L2 U' D2;2026-06-03 18:26:06;27.37
758;26.68;;B2 R' F2 R B2 L R' B' D2 B' F D2 U B2 L' U2 F U;2026-06-03 18:27:00;26.68
759;22.50;;F' L2 D' L2 F2 U' B2 R2 D2 B2 U2 R U2 B F L F2 R U2 F2;2026-06-03 18:27:47;22.50
760;19.04;;L F D2 B2 L D2 R' D2 L F2 R' D2 L2 U F2 D F L' R' U;2026-06-03 18:28:27;19.04
761;23.25;;B2 L2 U L2 B D2 F D2 F R2 B F2 L D' F2 U2 R2 B' U';2026-06-03 18:29:14;23.25
762;24.07;;U F2 D' U2 B2 D2 R2 L B D2 L' R' F L2 B2 D L' F2;2026-06-03 18:30:00;24.07
763;25.27;;D' F2 D L' U2 R2 B' L2 U2 B2 L2 B' L D' L' U2 L2 B F;2026-06-03 18:30:54;25.27
764;23.30;;B' L2 B2 R2 U L2 B2 D' F D B D2 R' B F' D' R' D U2;2026-06-05 15:22:28;23.30
765;23.27;;D L F2 L2 B D2 U2 L2 D2 B F2 U L' F' R' U2 R' B2 L2;2026-06-05 15:23:18;23.27
766;19.22;;B' R2 F' U2 B F' D2 B2 U B' F' L B' F' R' U2 B' F2 D';2026-06-05 15:24:17;19.22
767;23.35;;L B2 U2 R' B2 U2 L F2 R2 B2 F' U B2 L2 D2 L' F D R';2026-06-05 15:25:01;23.35
768;23.15;;L' F' U' F' D2 B2 L2 F2 D B2 D F2 R B L' U F2 R B;2026-06-05 15:25:51;23.15
769;19.47;;F D2 U' B2 D B2 F L2 U' R2 F R2 B2 U F' D;2026-06-05 15:26:31;19.47
770;29.30;;R2 B' R2 F R2 U2 B' R' D' U2 F U' R' D2 U' F2 L2 B' D';2026-06-05 15:27:25;29.30
771;20.19;;D2 L2 D F2 R2 B2 U' L' D' F U R F2 U2 F D2 L R F';2026-06-05 15:28:09;20.19
772;18.85;;B2 D' L2 U' F2 U R U R2 D F' L F' L U' R' U2 L2;2026-06-05 15:28:45;18.85
773;22.90;;F2 D2 R' B L2 U' B2 R D2 F U2 F U2 B' L2 F L2 F2 U;2026-06-05 15:29:28;22.90
774;19.45;;R2 B2 R' B' L2 U F D B2 D2 F2 U' R2 L2 F2 L' U B' U2;2026-06-05 18:47:04;19.45
775;20.72;;B' R' F L2 U' B U2 B U' R D2 B2 U' L2 U' R2 B2 R2 D;2026-06-05 18:48:13;20.72
776;27.59;;F2 D B U2 B' U2 R2 F2 L F D R2 B2 L U2 F2 R' B2 L';2026-06-05 18:50:53;27.59
777;24.60;;R' L2 U' R' D' L F R2 U2 L D2 F2 R2 B2 R F2 B D2 B2;2026-06-05 18:51:35;24.60
778;23.24;;L B U' B' L' U' B R2 D2 B D2 B2 R2 F2 L2 U L2;2026-06-05 18:52:19;23.24
779;25.74;;F D' L D' R2 B2 D2 U' R2 D L' B2 R' F2 R2 U F U2 F;2026-06-05 18:53:03;25.74
780;25.27;;R2 U2 L2 F2 L2 D B2 L R U R F' R' B2 R B L2 D';2026-06-05 18:53:48;25.27
781;31.87;;U' R' B2 U2 F D2 U2 R2 B U2 F' R D L' R' U' F' D2 B D';2026-06-05 18:54:44;31.87
782;21.52;;B' R D' F2 L' B2 L2 F2 L' F2 R B2 R2 U' F U L' U2 F;2026-06-05 18:55:38;21.52
783;26.69;;B' R B' D2 L2 B2 R2 B R2 D2 B D2 L2 U R2 B' D B2 U2 R;2026-06-05 18:56:29;26.69
784;22.65;;R D' F' L F2 L2 R2 F2 U' B2 U' B2 L D2 R2 F D L U;2026-06-05 18:57:18;22.65
785;23.17;;U2 R2 F2 D U2 L2 U L2 U' F' D2 U' R2 F2 R D2 B' R D;2026-06-05 18:58:02;23.17
786;27.17;;D R L2 U D2 B2 D2 B' R' L D2 R D2 F2 R B2 R B2 F;2026-06-05 19:00:55;27.17
787;22.61;;R2 U' R2 D L2 F2 L D B' L F' D2 R2 D R U R' D';2026-06-11 18:23:17;22.61
788;19.34;;R D F' D U2 R2 B2 F2 D' U' F L F' D' U' L2 F2 L2;2026-06-12 13:21:34;19.34
789;19.19;;U' L2 B' R2 U' L' F2 B' D' L' F B R2 U2 B2 R2 U2 D';2026-06-12 13:22:15;19.19
790;29.67;;D L2 F' L' D2 B U' D2 F L2 U2 L2 F2 D2 B L2 R B2 R';2026-06-12 13:23:15;29.67
791;18.34;;L D F U2 F' L' B2 L F' L' B' R2 U2 F2 U2 B' L2 D2 F2;2026-06-12 13:23:52;18.34
792;31.59;;U2 R' U L F U2 B2 U2 F U2 R' B' D2 U' F R2 D B';2026-06-12 13:24:54;31.59
793;22.04;;F2 U' B2 R2 D2 U2 B U F2 U' B2 R U' R D R' F' D';2026-06-12 13:25:39;22.04
794;20.60;;U B' F2 D B2 U F2 L2 U B U2 F' U R D' L F' R2 D;2026-06-12 13:26:18;20.60
795;22.00;;U' D R' D2 F L' B F2 L2 B2 D' B2 U' L2 U' F2 L2 U2 L' F2;2026-06-12 13:27:02;22.00
796;23.60;;U' R' F' L2 U2 B L U D' L2 D' B2 L2 B2 D' B' R2 U F2;2026-06-12 13:27:50;23.60
797;21.02;;F2 L2 F2 U2 L' B2 L' B2 F2 D2 R2 U B' L B' U' F' D;2026-06-12 13:28:30;21.02
798;20.72;;F2 D2 U2 F' D2 B2 F' U2 F' D2 R B R' B' U F2 D L' D';2026-06-12 13:29:10;20.72
799;22.54;;R L2 U2 B U' D F R' F D F2 L2 D F2 L2 U R2 U2 F2 B;2026-06-12 13:29:57;22.54
800;25.94;;D2 U2 R2 U2 B2 U B2 U F L D' U2 R F R' B2 D L F2;2026-06-12 16:41:13;25.94
801;28.43;;D2 B' R B D' L B U' F2 B2 R2 U2 B2 U2 L' F2 R' L2 F2;2026-06-12 16:42:30;28.43
802;26.88;;R D2 B2 L2 B2 F' R2 B' R2 U R' B' R2 D B L U L R2;2026-06-12 16:43:21;26.88
803;25.19;;D' R' B2 L2 B L F' B' U L U2 R B2 R' U2 L B2 U B';2026-06-12 16:44:12;25.19
804;22.93;;L' U F2 D' R2 U' R F U' R2 D' L' R F2 L2 U' L2;2026-06-12 16:44:58;22.93
805;21.49;;F L2 U F2 D2 B D' L B' R2 D2 F2 U2 B' U2 D2 L2 D R;2026-06-12 16:45:49;21.49
806;25.99;;B2 L' F U2 R2 U2 B2 L2 B' U B R2 F' D2 L' D' U' B';2026-06-12 16:46:37;25.99
807;22.97;;B' D' R2 D2 L2 B2 U F2 L F' R F' L' D2 B D2 U L' D';2026-06-12 16:47:26;22.97
808;25.23;;B2 U F2 L2 U2 F2 U L2 D' U' R U2 B2 R B' L' D' R U' R';2026-06-12 16:48:16;25.23
809;24.08;;L U2 F2 L2 R U2 R2 F L' D2 F D2 U2 R' B2 U L R';2026-06-12 16:50:02;24.08
810;28.15;;B' U' L' U L D2 R2 U L' F2 L' B2 R2 B2 U' B2;2026-06-12 16:50:59;28.15
811;29.24;;L' U2 L D2 F2 D2 L2 D L2 R2 U2 F' U L2 U' L U B D;2026-06-12 16:52:01;29.24
812;21.82;;D2 L D2 L' B2 L2 R F2 R U' F D B U F R' F' U2 F2 R2;2026-06-12 16:52:45;21.82
813;30.05;;F2 D U2 L2 U F2 U2 F D F2 L' F L2 D' R' B U F U;2026-06-12 16:53:36;30.05
814;16.52;;D2 R2 B' D2 B' L2 B R2 D2 U' L2 B' L D2 B' L2 D' R' D2;2026-06-12 16:54:20;16.52
815;23.18;;L D2 R B' U2 F' B D' B U' F D2 L2 B L2 B' R2 B R2;2026-06-12 16:55:05;23.18
816;23.73;;B' U' D2 B2 F2 L B2 L' B' U2 B2 R2 F' U' F U' L2;2026-06-12 16:55:49;23.73
817;23.33;;U2 R' F2 D2 R D L B2 R2 B R2 U2 F' D2 F U' F2 D' R2;2026-06-15 17:06:23;23.33
818;19.92;;B' U2 R' D' B' L' U' B U' R' F' U F2 U B2 R2 F2 U B2 U;2026-06-15 17:07:05;19.92
819;22.85;;D2 B2 D2 L2 F' R2 B' L2 U2 B' L D' B F' U L B2 R' F R;2026-06-15 17:07:51;22.85
820;21.65;;D2 F' L2 F2 R2 U2 B2 D' B2 U' L2 B' U R' D' B U' L U2;2026-06-15 17:08:34;21.65
821;18.36;;R' B' D' F2 R2 U' L2 U' B2 R2 D R2 F' L D' F2 L2 R F';2026-06-15 17:09:22;18.36
822;29.74;;B' L2 D' F B2 R D' L B U' F' L2 B' L2 B D2 R2 B' R2;2026-06-15 17:10:26;29.74
823;24.14;;R2 U L2 D B2 R2 D2 B L U' F L' U2 F' R' U L' F2 D';2026-06-15 17:11:13;24.14
824;22.39;;U R L' U2 F B R' B L' B2 L2 B2 U' R2 D L2 D R D;2026-06-15 17:11:57;22.39
825;20.46;;R' B2 D B2 R2 U' R2 F2 R2 D2 B' U F' L' F' L2 U' F' R2;2026-06-15 17:12:36;20.46
826;20.84;;B D R' U2 F2 D2 U' R2 B2 R' F U2 B2 L2 R U B' L2;2026-06-15 17:13:25;20.84
827;22.12;;U' R2 U2 L F2 B' U L' R2 D2 B2 U2 D' F2 R2 F2 U' B' D2;2026-06-15 17:14:06;22.12
828;26.50;;R2 F' D2 F2 R2 U2 F2 U B' R2 F2 U' B' L' D U B2 U;2026-06-15 17:14:51;26.50
829;23.04;;D B2 D' L2 D2 F2 L2 U2 F L' D L D' B' D B' R2 F D';2026-06-15 17:15:32;23.04
830;29.44;;R U B' U2 L F' R F2 L2 U2 F' U D2 R2 B2 U' B2 U;2026-06-15 17:16:25;29.44
831;18.73;;L D B U2 L2 F' R2 D2 F D B R B2 D B2 F D' F2;2026-06-15 17:17:03;18.73
832;22.81;;D' L D B' D' F R' L2 B2 L2 F' L2 B R2 L2 D L2 B D2;2026-06-15 17:17:52;22.81
833;25.26;;R2 F R2 D F' R' U2 F U' F2 L' R2 U L2 U' R2 D' B2;2026-06-15 17:18:33;25.26
834;28.15;;U' L B2 D2 B L2 B2 D2 F' D' B' L F2 U F' L B2 U;2026-06-15 17:19:22;28.15
835;23.68;;U F2 R2 D2 F2 U L2 R2 B2 F L' R' F2 U B L U' F2 L2;2026-06-15 17:20:05;23.68
836;21.41;;U' L2 U R2 D F2 B' D2 R' F R2 D2 R' B2 R U' B L';2026-06-15 17:20:45;21.41
837;18.47;;L B U2 F2 U2 L' F2 D2 F2 U2 B' R' F' R2 D' B' L' B';2026-06-15 17:21:25;18.47
838;22.88;;F' B2 L U2 B2 L' R2 U2 B U' R2 F L D L D' L' F';2026-06-15 17:22:08;22.88
839;22.72;;R D2 L2 U2 F2 U' L2 R2 U' L' F D' U' B R2 F2 R U2 R2;2026-06-15 17:23:04;22.72
840;18.95;;B2 L2 B R D2 F2 D' U2 F2 L' F2 R' F2 R2 D2 R' D' R' D';2026-06-15 17:23:50;18.95
841;24.68;;D F L F2 L2 D' B2 D' L2 B2 U B R' F2 L' D2 U R' B';2026-06-15 17:24:36;24.68
842;24.55;;D2 B2 R B2 L R D2 U' L D2 B R' U B2 L2 R B2 F';2026-06-15 17:25:28;24.55
843;29.25;;U' B' R' U L' B' L' D2 L U B D' F2 U F2 R2 D2 R2 D2;2026-06-16 13:27:07;29.25
844;23.07;;R' F' D R F' R2 L F R2 D2 B2 U2 L' D2 R U2 F2 R B2;2026-06-16 13:27:47;23.07
845;23.74;;B U' F' U' R' F D' R' F2 U2 F2 L D2 R D2 R' F2 B' L';2026-06-16 13:28:30;23.74
846;25.44;;F' D' F2 L2 U2 R2 U B2 R D2 R2 U2 F D F' D R' F R;2026-06-16 13:29:14;25.44
847;22.20;;D2 U' F2 U' R2 F2 L2 D2 L B U' B2 F D R F D' L' F';2026-06-16 13:29:56;22.20
848;25.00;;L' U' R2 U L2 F R' B2 L2 U B2 D' F2 B2 D F R2 D';2026-06-16 16:37:42;25.00
849;25.25;;L F B2 D F R F2 U' B' L2 B2 L B2 D2 R' F2 B2 R2 U';2026-06-16 16:38:31;25.25
850;25.42;;U2 F D2 R2 L U' B R F R F2 B2 L2 U L2 D R2 U B2;2026-06-16 16:42:34;25.42
851;24.55;;D2 L F2 D2 F' L U' R' U' L2 D' F' U2 D2 R2 U2 F2 D2;2026-06-16 16:43:30;24.55
852;24.07;;B2 D B' D B2 F2 D2 F2 D' B2 U' L R B D' B D' F L2;2026-06-16 16:44:29;24.07
853;19.99;;D B' L2 B D2 B U2 L2 U2 B L D L F' L2 B D U' F L;2026-06-16 16:45:32;19.99
854;24.62;;B F2 L F2 L' B2 D2 R B R' B2 F' D R' F U' R2 F2;2026-06-16 16:46:34;24.62
855;22.83;;B R' F2 U' R2 U2 R2 B2 D U2 F2 U' L' R' U' B F' R' B' L;2026-06-16 16:48:03;22.83
856;23.30;;D2 L U2 L2 U' B2 D' F2 L B' R' B2 D' R B' F' U B';2026-06-16 16:50:02;23.30
857;23.20;;U' F2 D2 B2 D U2 L2 D F2 U L' R' F R' U2 R2 B2 D R';2026-06-16 16:50:43;23.20
858;21.47;;F L D' F2 L2 U F2 U2 R2 F2 R2 L' U B2 L2 U2 B' F' D;2026-06-16 16:51:39;21.47
859;24.72;;B D L' D' R L U' R F U' F2 U R2 U2 D' L2 B2 R' F;2026-06-16 16:53:32;24.72
860;27.70;;L D R2 U2 R F' R' B2 U2 R' D' F2 B2 D2 F2 D2 R' U2 L';2026-06-16 16:54:23;27.70
861;25.22;;R U F2 R2 D2 L' F2 D2 F2 L2 D B2 L' U' F' L' B D F;2026-06-16 16:56:39;25.22
862;24.74;;U' B U2 F' R2 U2 R2 B L' B2 R D' L' B L B' U' B F';2026-06-18 16:49:56;24.74
863;22.64;;F L' F D2 R2 D2 U R2 F2 L2 F2 U F' R' B U F U2 L' D;2026-06-18 16:50:52;22.64
864;26.23;;F2 U R' D2 F L2 B R2 U2 F' D2 L D' B2 R2 B' D;2026-06-18 16:51:43;26.23
865;25.13;;L D' B' R2 L U2 F' D2 L F2 U2 R' D2 R' D2 F2 R' U L';2026-06-18 16:52:29;25.13
866;26.30;;L U B R2 F2 D' L U2 F R' B D2 L B2 U2 F2 L2 D2 R';2026-06-18 16:53:18;26.30
867;20.77;;F' R' D2 R B2 R' B2 U2 L D2 F' L R' D' U' R' U2 R2 F' U;2026-06-18 16:54:00;20.77
868;23.87;;U' R' D' B2 R' L2 B D2 R' U2 L2 B2 U' L2 D R2 D F2 U;2026-06-18 16:54:44;23.87
869;21.77;;F2 B2 L B R' U2 R' F' R L D2 L F2 B2 D2 U R F2;2026-06-18 16:55:43;21.77
870;23.64;;D2 L2 U2 R' D2 R D2 L2 D B R' B2 R' U' B2 R' F D' B;2026-06-18 16:56:26;23.64
871;23.79;;F B2 U' B2 L2 D B2 U L' D2 L' R' F2 D B' R2 B L;2026-06-18 16:57:08;23.79
872;22.73;;B2 D' B2 U F2 R2 D' L2 R2 U B L2 R' B' U2 F R2;2026-06-18 16:57:49;22.73
873;20.43;;D2 R2 D2 R2 F2 D' U2 R2 D' R' U' F D2 F D R' U R2 F';2026-06-18 16:59:42;20.43
874;22.60;;R B' D R' D R2 D' L D2 F' U R2 D' R2 D' L2 F2 U2 R2;2026-06-20 13:23:22;22.60
875;26.22;;D2 B R F' B L B2 L D' L' U2 B2 R2 U2 R' B2 D;2026-06-20 13:24:20;26.22
876;22.64;;D' F' U B' R' L2 B2 D2 R2 B2 D' F2 R' B D2 U L2 U;2026-06-20 13:25:12;22.64
877;23.67;;D B' L2 U R2 F' B D L2 B2 R' F2 D2 R2 D2 B2 R D R2;2026-06-20 13:26:08;23.67
878;24.25;;U2 F2 R F' B L2 U R F' R U2 R2 L' B2 R2 D2 F2 D' R';2026-06-20 13:26:51;24.25
879;22.95;;F2 R2 L2 U' R' F U' L2 F L D2 L2 U2 R U2 D2 F2 R D2;2026-06-20 13:27:31;22.95
880;21.32;;L2 D2 R2 F2 R2 U' F L F2 U' L B' F2 D2 R2 U R;2026-06-20 13:28:16;21.32
881;22.53;;L2 D2 F2 R2 B D2 U2 L2 F' R' F' R' B D' F D F' D' R;2026-06-20 13:28:58;22.53
882;30.27;;U' L2 F U L2 U' F2 D B2 D' U2 B2 L B' U2 F' D2 B U';2026-06-20 13:29:54;30.27
883;23.05;;R' L U2 L2 U R2 D' F L D2 B2 L F2 D2 R' D2 U' F';2026-06-20 16:33:43;23.05
884;21.10;;B' F2 L2 B' F2 L2 U2 F' U2 R' B F2 R2 U' B' L F2 D' R2;2026-06-20 16:35:40;21.10
885;27.47;;D' R' D2 B D2 B R2 B F2 U2 L2 R B' D' L D2 B U' B L;2026-06-20 16:36:33;27.47
886;25.35;;U F' L B' R2 U F2 D' B2 D2 F2 R' U2 B' U2 R2 D2 R B;2026-06-20 16:37:20;25.35
887;24.77;;F' U L' F L2 D' R2 U2 R2 U F2 U' R2 B' L' B2 F2 D' B U';2026-06-20 16:38:03;24.77
888;24.30;;D' B' L U' F2 R B2 L F' L' U2 F2 D2 L2 B2 R' U2 B';2026-06-20 16:38:52;24.30
889;23.38;;B' L2 D R2 B2 D L2 U' R' U F2 L D' U L F' L R F';2026-06-20 16:39:38;23.38
890;18.57;;R' D' F B' D2 R2 L U R U2 L' U2 B2 L2 D2 B2 R2 B' L;2026-06-20 16:40:30;18.57
891;20.95;;R L2 U2 D R' U F' R2 U2 R2 L2 U' R2 U' D R2 B D' B2;2026-06-20 16:41:19;20.95
892;18.68;;D L' F' B2 U' R2 D F2 D2 B' F D2 U' L D R B' L2;2026-06-20 16:41:57;18.68
893;23.89;;R U D L2 D' F' D2 L' B F2 L2 U' F2 R2 U F2 U B2 L2 R;2026-06-20 16:42:50;23.89
894;21.40;;B U F2 R2 U2 R F2 L B' L' F' L' R' B L' R B;2026-06-20 16:45:07;21.40
895;19.26;;L2 B2 D B2 U' B2 F' D' U L D L' D' L' D U2 F R';2026-06-20 16:46:00;19.26
896;23.35;;D L B D2 L2 D2 U' L2 U B2 L2 F2 L' B2 R' B F' U B;2026-06-20 16:47:10;23.35
897;25.79;;R2 B2 F' L2 F2 D2 F' U B2 F R' U' B' L D U2 B' U' B;2026-06-20 16:48:04;25.79
898;24.34;;F R B' U' D' F B2 D2 B D2 R U' B2 U F2 U2 L2 U;2026-06-20 16:48:47;24.34
899;27.52;;F2 R D L' F' U R D2 L2 U2 B' R2 B' U2 D R2 F2 R';2026-06-20 16:49:38;27.52
900;25.12;;R2 B D2 R2 F D2 U2 F U2 D' R2 B2 F' D' F U L F U2;2026-06-20 16:50:39;25.12
901;26.72;;F' L' F' D' R2 U2 R2 B' F2 L2 F' D2 U' R' D2 R' F2 D2 F2;2026-06-20 16:51:33;26.72
902;20.45;;R2 U F' B2 L F B R U' B' L F2 U2 L' U2 R L U2;2026-06-20 16:52:15;20.45
903;25.84;;F R2 F D2 U2 L2 U2 F L2 F2 D' L' U R2 U R' F2 D U' B';2026-06-26 13:23:04;25.84
904;34.00;;F2 D F2 D' F2 B2 L B U2 F' U2 L2 F' R2 D L2 B2 L;2026-06-26 13:24:09;34.00
905;20.77;;L2 U2 F2 L2 B2 R2 U L2 R' F' U' L' B2 L' B D L D2 U';2026-06-26 13:24:59;20.77
906;25.74;;B' U' L2 B2 D F2 U2 B2 U2 L' D B' R D2 R2 F2 R' F L;2026-06-26 13:25:47;25.74
907;24.99;;R' U L2 U B2 D' R' D F2 U' L' B2 R F' L' B' D;2026-06-26 13:26:30;24.99
908;31.12;;F R B R' L' F U2 F' R' B' D R2 U2 R2 F L2 F2 U2 F;2026-06-26 13:27:30;31.12
909;25.30;;L' F2 R' L' B R U' L B D' F2 B U2 F L2 F B2 U;2026-06-26 13:28:22;25.30
910;27.00;;R D R' L D F2 L2 D2 F R' B2 U2 F2 U F2 D2 R2 L2;2026-06-26 13:29:11;27.00
911;30.79;;U' R2 F B2 U' R D F' R' U2 L' D2 F2 U2 L2 F2 L2 B' U2;2026-06-26 16:33:10;30.79
912;22.75;;F2 R L2 D R' F2 R2 D' F2 B2 U2 F2 L' U2 L' U2 D2 F' U2;2026-06-26 16:33:57;22.75
913;22.15;;R' U L' B2 D2 L2 R2 U R2 D2 U L2 F' R2 B' D F2 L';2026-06-26 16:35:03;22.15
914;22.60;;L F2 L' B2 L' U2 R B2 U F2 D B L' D U2 R D2 B F2;2026-06-26 16:35:45;22.60
915;22.88;;B' R' D2 L2 F2 U2 R D2 L' D' R' D B2 L2 D' R' B D' L';2026-06-26 16:36:39;22.88
916;26.80;;B D F L2 F' D2 R' L' U L U2 D2 F' U2 R2 F' L2 F;2026-06-26 16:37:35;26.80
917;23.50;;U2 R2 D' B2 U D2 L' U L2 U2 B2 D' F2 U2 B2 F' U B R;2026-06-26 16:38:15;23.50
918;21.45;;L' U D R2 U2 B U R F L2 U2 R2 F B2 U2 B' L2 U' R2 U;2026-06-26 16:39:02;21.45
919;17.74;;F' R B' L2 B' U F D' B F2 U2 B2 L' B2 R2 F2 R' F2;2026-06-26 16:41:33;17.74
920;20.65;;L2 D' U' R2 U L2 U2 B2 L D2 B' U2 F' L2 B' U F2 U2 R';2026-06-26 16:42:12;20.65
921;33.50;;F L2 F' L2 F2 D2 R2 B2 R2 D' L' B D2 F D' L' D' U F;2026-06-26 16:43:08;33.50
922;20.73;;D' F2 D L2 R D2 R' D2 F2 L' B2 U2 B D' R U2 B U2 F;2026-06-26 16:43:55;20.73
923;22.07;;F2 R2 F2 D2 L2 U2 L2 F' U2 D L B' F' R F' L R' B2;2026-06-26 16:44:37;22.07
924;26.59;;U' R D' B2 L2 U L2 U2 F2 R2 B2 L' U R D2 L U B L';2026-06-26 16:45:34;26.59
925;19.70;;F D2 F D2 R' F D' U' F D' R F2 U F' U R2;2026-06-26 16:46:15;19.70
926;23.64;;B2 D B' R B2 U' F2 D' U2 L2 D2 F U L B' F2 D' U;2026-06-26 16:46:55;23.64
927;20.00;;B2 F2 D2 L2 R2 B L' B F2 L D2 B' U' F D U F' U2;2026-06-26 16:48:11;20.00
928;20.10;;R U2 B' U2 L' F' R' B R2 U F R2 D L2 D R2 B2 U' R2 D2;2026-06-26 16:48:50;20.10
929;21.10;;D' R2 B2 R2 U R2 D2 R2 B L2 R F2 D2 B U F D' B' U2;2026-06-26 16:49:34;21.10
930;23.10;;L2 R2 D' B2 D2 U' F2 D2 F' D2 L' D2 R F R2 D' F L2;2026-06-26 16:52:07;23.10
931;39.45;;B' F2 D' L2 F2 R2 D2 L2 R' D' R' D2 L2 F R' B2 R2 D' L;2026-06-26 16:53:12;39.45
932;29.20;;F' L' U2 L2 U2 F' R2 B' U R2 B F' D' F2 R2 F' R;2026-06-26 16:55:55;29.20
933;21.43;;F B2 U2 B2 U' F2 R' F' R2 F D L D B2 F' D' U;2026-06-26 16:56:38;21.43
934;21.09;;R D2 U2 L' F2 D2 L2 F2 R2 B' D2 B' L B' U R D R' F D';2026-06-26 16:57:32;21.09
935;22.19;;B' L' D2 F2 L R2 F2 R' D' B D L2 D' U' L U' F L2;2026-06-26 16:58:15;22.19
936;22.07;;R' B' R' B2 F2 U2 B2 L' R2 U L2 B2 L' B2 R B L U;2026-06-27 13:19:59;22.07
937;21.98;;U B' D R2 U' B R' B2 U B' D' R' U2 F2 U2 L' D2 L;2026-06-27 13:20:44;21.98
938;25.27;;D' B2 R2 D2 L2 F2 R' B F U L' F' D2 U' F2 R2 F D';2026-06-27 13:21:35;25.27
939;27.62;;B2 R L' U' L2 F R B L' U2 B2 U2 D2 R2 L' D2 R2 F2 R;2026-06-27 13:22:26;27.62
940;27.44;;U R' B L B D B D2 F' U2 B2 R2 F2 D B2 D L2 D B2 L;2026-06-27 13:23:17;27.44
941;23.32;;F2 U2 F B' U L' B' D' L B R2 L2 U2 L2 B2 R2 B' L;2026-06-27 13:24:06;23.32
942;21.51;;L B' R F2 U F2 L2 D2 U L' B' F2 L2 D L R F2 U';2026-06-27 13:25:12;21.51
943;26.22;;D F2 L2 R2 U L2 D' B' F R D' L R' D2 L' U R D' R';2026-06-27 13:26:22;26.22
944;22.05;;U F' U2 F U2 R2 F' U2 B R2 D2 F2 L' B' U R' D B' U2;2026-06-27 13:27:15;22.05
945;18.42;;F B2 R2 D2 R2 D2 L' U2 B2 F' U2 R D' F2 U2 B D2 U';2026-06-27 13:27:53;18.42
946;24.55;;R2 F2 D' B2 F2 L2 D F2 B U2 B2 L F' L2 B' U' B' L' B2;2026-06-27 13:28:48;24.55
947;22.26;;F' L' B2 D U' R2 U' F' R F U' B' R2 U R F2 D;2026-06-27 16:50:06;22.26
948;23.30;;R' D2 F2 L D2 R' D2 R U F2 L F' R B2 F2 U' R2 D F';2026-06-27 16:51:02;23.30
949;25.18;;D' B' L U B' U F2 D R2 U' L2 F D R2 B' L B D2;2026-06-27 16:51:56;25.18
950;22.80;;F2 U2 R2 U2 F2 L F2 D2 U' L R2 F' U' L2 R D' L' B' D;2026-06-27 16:54:29;22.80
951;29.72;;U F2 U B' U F2 L' F' U R F U2 B' U2 D2 F U;2026-06-27 16:55:33;29.72
952;27.63;;B L D B R2 B2 U2 B2 D L2 R2 B' D' F L' R D2;2026-06-27 16:56:27;27.63
953;30.19;;L' U F2 D R2 F' B D F' U L D2 L D2 L2 D2 F2 L;2026-06-27 16:57:21;30.19
954;23.45;;F2 B' D F L F' D B' D B2 D B2 D R2 L2 D L' F U2;2026-06-27 16:58:10;23.45
955;21.81;;R' D R2 F R' B2 D' U2 F2 D U2 R2 B R2 B L' R' B D';2026-06-27 16:59:02;21.81
956;22.80;;F D L B U' D2 B' L2 U2 D2 L B2 L B2 U2 R' L2 B2 U' F2;2026-06-27 16:59:49;22.80
957;29.95;;D' L' U B U L' D' R L' B2 D2 F' B2 L2 D2 R2 U2 L' B';2026-06-27 17:01:44;29.95
958;22.17;;F2 D2 U2 L2 F2 U' B2 U2 L' B F L U F2 D' R U2 R;2026-06-27 17:02:25;22.17
959;26.63;;L2 D R2 B2 D' B2 F2 R2 D F' R' F' L2 U' B2 R' U' B' D2;2026-06-27 17:03:15;26.63
960;22.09;;D R' U2 L2 F2 U2 B F' U2 F' L B R U' F L2 B D2;2026-06-27 17:04:14;22.09
961;16.85;;B' D B2 D2 L2 U2 F' L2 B2 D' F2 U' R B2 R2 B' R' F;2026-06-27 17:04:50;16.85
962;20.80;;D' B2 U' B2 R2 B2 F2 R' F U B' L' U2 R' B U L D2;2026-06-27 17:05:32;20.80
963;28.43;;D' F' U B U R2 U2 B2 U' F2 U R' B F' R2 F D F' D';2026-06-27 17:06:32;28.43
964;26.00;;B2 D2 L' D' B' D F D2 L' F2 U2 R2 L2 B2 D L2 U' B2 D2;2026-06-27 17:07:27;26.00
965;28.20;;R' U B' R' D2 R' D2 B2 D2 R' B' U' L' D R2 U2 R' F';2026-06-27 17:09:39;28.20
966;20.54;;L' R2 F2 U R2 D B2 L2 U2 R2 B D B L2 B R' U' B U';2026-06-27 17:10:24;20.54
